{"stats":{"minecraft:picked_up":{"minecraft:stripped_oak_log":1,"minecraft:birch_log":2,"luminousworld:groundpebbles_1":2,"born_in_chaos_v1:diamond_termite_shard":1,"minecraft:wheat":34,"minecraft:azure_bluet":16,"minecraft:chicken":1,"minecraft:cherry_planks":120,"minecraft:jungle_log":2,"luminousworld:ishstone":5,"minecraft:potato":21,"minecraft:brown_bed":1,"quark:black_corundum_cluster":4,"minecraft:stripped_cherry_log":1,"minecraft:oak_log":5,"born_in_chaos_v1:black_argillite":13,"minecraft:cornflower":8,"minecraft:string":3,"minecraft:dirt":62,"minecraft:bone":4,"ecologics:walnut_sapling":1,"minecraft:wheat_seeds":73,"minecraft:orange_tulip":13,"minecraft:raw_gold":8,"earthmobsmod:duck_egg":4,"securitycraft:keycard_lv1":1,"minecraft:calcite":2,"minecraft:glass_bottle":1,"luminousworld:white_petunias":4,"minecraft:iron_sword":1,"quark:black_corundum":1,"minecraft:stick":5,"minecraft:raw_iron":22,"ecologics:walnut_log":5,"minecraft:torch":13,"born_in_chaos_v1:ethereal_spirit":6,"minecraft:poisonous_potato":1,"sophisticatedbackpacks:backpack":1,"quark:yellow_corundum_cluster":5,"minecraft:cherry_log":110,"minecraft:pointed_dripstone":4,"quark:yellow_corundum":2,"luminousworld:grassflowers":8,"minecraft:arrow":2,"minecraft:rotten_flesh":17,"minecraft:slime_ball":1,"luminousworld:yellow_grassflowers":2,"luminousworld:yellowpetunias":2,"minecraft:hay_block":12,"minecraft:red_tulip":3,"minecraft:cherry_sapling":13,"tombstone:essence_of_undeath":1,"alexsmobs:maggot":2,"supplementaries:ash":2,"minecraft:crafting_table":1,"minecraft:coal":52,"iceandfire:raw_silver":1,"minecraft:cobblestone":121,"minecraft:pink_petals":4},"minecraft:dropped":{"minecraft:bread":7,"luminousworld:yellowpetunias":2,"minecraft:poisonous_potato":1,"born_in_chaos_v1:ethereal_spirit":4,"minecraft:rotten_flesh":14,"ecologics:walnut_sapling":1,"minecraft:azure_bluet":16,"quark:black_corundum":1,"luminousworld:yellow_grassflowers":1,"supplementaries:ash":1,"luminousworld:grassflowers":6,"minecraft:cornflower":7,"ecologics:walnut_log":2},"minecraft:crafted":{"minecraft:cherry_planks":428,"minecraft:oak_planks":4,"minecraft:crafting_table":1,"minecraft:baked_potato":4,"ecologics:walnut_planks":4,"minecraft:bread":47,"minecraft:air":0,"minecraft:iron_axe":1,"minecraft:stick":16,"minecraft:torch":84,"minecraft:wheat":108},"minecraft:custom":{"minecraft:interact_with_furnace":1,"minecraft:mob_kills":17,"minecraft:interact_with_crafting_table":5,"minecraft:damage_dealt_resisted":706,"minecraft:leave_game":3,"minecraft:time_since_death":33508,"minecraft:sleep_in_bed":4,"minecraft:climb_one_cm":1250,"minecraft:time_since_rest":32961,"minecraft:damage_taken":2582,"minecraft:walk_one_cm":495973,"minecraft:sprint_one_cm":134890,"minecraft:drop":24,"minecraft:damage_dealt":5337,"minecraft:swim_one_cm":877,"minecraft:fly_one_cm":591573,"minecraft:open_chest":19,"minecraft:play_time":146374,"minecraft:crouch_one_cm":18893,"tombstone:undead_killed":6,"minecraft:deaths":5,"minecraft:sneak_time":3969,"minecraft:walk_under_water_one_cm":9231,"minecraft:jump":1420,"minecraft:walk_on_water_one_cm":7093,"minecraft:total_world_time":146374,"minecraft:fall_one_cm":37194},"minecraft:mined":{"luminousworld:white_petunias":5,"minecraft:cherry_planks":123,"iceandfire:silver_ore":1,"minecraft:cherry_log":112,"minecraft:cherry_sapling":1,"minecraft:stripped_cherry_log":1,"minecraft:crafting_table":1,"minecraft:torch":4,"minecraft:grass_block":37,"minecraft:calcite":2,"ecologics:walnut_leaves":1,"born_in_chaos_v1:black_argillite":15,"quark:yellow_corundum":2,"luminousworld:grassvariant_2":13,"minecraft:tall_grass":20,"minecraft:cobblestone":80,"quark:black_corundum":2,"minecraft:wall_torch":10,"minecraft:pink_petals":1,"minecraft:hay_block":12,"luminousworld:sunset_petunias":1,"luminousworld:yellow_grassflowers":1,"minecraft:iron_ore":24,"minecraft:wheat":14,"minecraft:orange_tulip":9,"quark:black_corundum_cluster":1,"minecraft:brown_bed":1,"minecraft:potatoes":1,"minecraft:grass":35,"minecraft:coal_ore":54,"minecraft:pointed_dripstone":1,"luminousworld:ishstone":6,"minecraft:cherry_leaves":7,"minecraft:dirt":10,"minecraft:stripped_oak_log":1,"quark:yellow_corundum_cluster":3,"luminousworld:grassvariant_3":13,"minecraft:cobweb":1,"luminousworld:groundpebbles_2":4,"ecologics:walnut_log":5,"minecraft:stone":20,"minecraft:gold_ore":8},"minecraft:killed_by":{"undead_revamp2:thehunter":1,"creeperoverhaul:cave_creeper":1,"mutantmonsters:mutant_zombie":1,"born_in_chaos_v1:sir_pumpkinhead_without_horse":1},"minecraft:killed":{"born_in_chaos_v1:mr_pumpkin":3,"undead_revamp2:thehunter":2,"born_in_chaos_v1:restless_spirit":1,"born_in_chaos_v1:diamond_termite":1,"undead_revamp2:thegliter":1,"minecraft:spider":1,"enemyexpansion:direwolf":1,"born_in_chaos_v1:decrepit_skeleton":1,"naturalist:snail":1,"minecraft:skeleton":1,"born_in_chaos_v1:corpse_fly":2,"alexsmobs:fly":1,"undead_revamp2:sucker":1},"minecraft:used":{"minecraft:cherry_sapling":8,"ecologics:walnut_log":1,"minecraft:iron_sword":205,"minecraft:cherry_planks":545,"minecraft:iron_chestplate":1,"minecraft:torch":71,"minecraft:dirt":16,"minecraft:crafting_table":1,"minecraft:iron_axe":249,"minecraft:bread":25,"minecraft:iron_pickaxe":222,"minecraft:iron_helmet":1,"tombstone:grave_key":5,"minecraft:iron_boots":1,"minecraft:cobblestone":98,"tombstone:gift":2,"minecraft:potato":15,"minecraft:cherry_log":4,"minecraft:iron_leggings":1}},"DataVersion":3465}