{"stats":{"minecraft:crafted":{"minecraft:iron_axe":1,"minecraft:bread":36,"minecraft:wheat":108},"minecraft:mined":{"minecraft:hay_block":12,"ecologics:walnut_leaves":1,"minecraft:tall_grass":2,"ecologics:walnut_log":5},"minecraft:custom":{"minecraft:open_chest":4,"minecraft:time_since_rest":1413,"minecraft:crouch_one_cm":43,"minecraft:play_time":9158,"minecraft:sprint_one_cm":34900,"minecraft:damage_taken":40,"minecraft:walk_one_cm":31801,"minecraft:sneak_time":4,"minecraft:jump":142,"minecraft:walk_on_water_one_cm":477,"minecraft:time_since_death":9158,"minecraft:sleep_in_bed":1,"minecraft:total_world_time":9158,"minecraft:interact_with_crafting_table":2,"minecraft:fly_one_cm":48188,"minecraft:fall_one_cm":4746},"minecraft:used":{"minecraft:iron_chestplate":1,"ecologics:walnut_log":1,"minecraft:bread":2,"minecraft:iron_helmet":1,"minecraft:iron_boots":1,"minecraft:iron_leggings":1},"minecraft:picked_up":{"ecologics:walnut_log":5,"ecologics:walnut_sapling":1,"minecraft:hay_block":12,"securitycraft:keycard_lv1":1,"minecraft:iron_sword":1}},"DataVersion":3465}