{"stats":{"minecraft:picked_up":{"minecraft:crafting_table":1,"luminousworld:groundpebbles_1":2,"born_in_chaos_v1:diamond_termite_shard":1,"minecraft:wheat":34,"minecraft:azure_bluet":16,"minecraft:chicken":1,"minecraft:brown_bed":1,"minecraft:stripped_cherry_log":7,"born_in_chaos_v1:black_argillite":13,"minecraft:cornflower":9,"minecraft:string":3,"ecologics:walnut_sapling":1,"earthmobsmod:duck_egg":4,"securitycraft:keycard_lv1":1,"minecraft:calcite":2,"minecraft:stick":12,"minecraft:raw_iron":22,"ecologics:walnut_log":5,"minecraft:torch":13,"quark:yellow_corundum_cluster":5,"sophisticatedbackpacks:backpack":1,"minecraft:cherry_log":157,"tombstone:grave_dust":1,"minecraft:pointed_dripstone":4,"quark:yellow_corundum":2,"luminousworld:grassflowers":8,"minecraft:arrow":2,"minecraft:rotten_flesh":19,"luminousworld:yellow_grassflowers":2,"minecraft:hay_block":12,"minecraft:red_tulip":3,"tombstone:essence_of_undeath":1,"supplementaries:ash":2,"minecraft:cobblestone":121,"minecraft:stripped_oak_log":1,"minecraft:birch_log":2,"minecraft:pink_petals":4,"minecraft:cherry_planks":120,"minecraft:jungle_log":2,"luminousworld:ishstone":5,"minecraft:potato":21,"quark:black_corundum_cluster":4,"minecraft:oak_log":5,"luminousworld:purple_petunias":1,"minecraft:dirt":62,"minecraft:bone":4,"minecraft:orange_tulip":13,"minecraft:wheat_seeds":84,"minecraft:raw_gold":8,"minecraft:glass_bottle":1,"luminousworld:white_petunias":4,"minecraft:iron_sword":1,"quark:black_corundum":1,"born_in_chaos_v1:ethereal_spirit":6,"minecraft:dandelion":7,"minecraft:poisonous_potato":1,"minecraft:slime_ball":1,"luminousworld:yellowpetunias":2,"minecraft:cherry_hanging_sign":1,"minecraft:cherry_sapling":30,"alexsmobs:maggot":2,"minecraft:coal":52,"iceandfire:raw_silver":1},"minecraft:dropped":{"minecraft:bread":7,"luminousworld:yellowpetunias":2,"minecraft:poisonous_potato":1,"ecologics:walnut_sapling":1,"minecraft:cornflower":7,"ecologics:walnut_log":2,"born_in_chaos_v1:ethereal_spirit":4,"minecraft:rotten_flesh":14,"minecraft:azure_bluet":16,"quark:black_corundum":1,"luminousworld:yellow_grassflowers":1,"supplementaries:ash":1,"luminousworld:grassflowers":6},"minecraft:crafted":{"minecraft:cherry_planks":428,"minecraft:oak_planks":20,"minecraft:iron_nugget":9,"ecologics:walnut_planks":8,"minecraft:chain":2,"minecraft:iron_axe":2,"minecraft:wheat":108,"minecraft:crafting_table":1,"minecraft:baked_potato":10,"minecraft:bread":47,"minecraft:air":0,"minecraft:stick":20,"quark:oak_chest":2,"minecraft:iron_ingot":17,"minecraft:cherry_hanging_sign":6,"minecraft:torch":84},"minecraft:custom":{"minecraft:mob_kills":18,"minecraft:interact_with_crafting_table":9,"minecraft:damage_dealt_resisted":706,"minecraft:leave_game":3,"minecraft:time_since_death":45508,"minecraft:climb_one_cm":2882,"minecraft:sprint_one_cm":163318,"minecraft:walk_one_cm":542317,"minecraft:drop":24,"minecraft:play_time":158374,"minecraft:deaths":5,"minecraft:sneak_time":3973,"minecraft:walk_under_water_one_cm":9231,"minecraft:jump":1593,"minecraft:walk_on_water_one_cm":7093,"minecraft:total_world_time":158374,"minecraft:interact_with_furnace":4,"minecraft:sleep_in_bed":5,"minecraft:time_since_rest":2397,"minecraft:damage_taken":2582,"minecraft:damage_dealt":5537,"minecraft:swim_one_cm":877,"minecraft:fly_one_cm":635030,"minecraft:open_chest":23,"minecraft:crouch_one_cm":18893,"tombstone:undead_killed":7,"minecraft:fall_one_cm":41606},"minecraft:mined":{"luminousworld:white_petunias":5,"iceandfire:silver_ore":1,"minecraft:cherry_log":159,"minecraft:cherry_sapling":1,"minecraft:stripped_cherry_log":7,"minecraft:grass_block":37,"born_in_chaos_v1:black_argillite":15,"luminousworld:grassvariant_2":42,"quark:yellow_corundum":2,"minecraft:hay_block":12,"luminousworld:sunset_petunias":1,"luminousworld:yellow_grassflowers":1,"minecraft:iron_ore":24,"quark:black_corundum_cluster":1,"minecraft:brown_bed":1,"minecraft:pointed_dripstone":1,"minecraft:potatoes":1,"luminousworld:snowgrass":7,"minecraft:stripped_oak_log":1,"ecologics:walnut_log":5,"luminousworld:groundpebbles_2":5,"minecraft:stone":20,"minecraft:cherry_planks":123,"luminousworld:purple_petunias":1,"minecraft:dandelion":7,"minecraft:cornflower":1,"minecraft:crafting_table":1,"minecraft:torch":4,"minecraft:calcite":2,"ecologics:walnut_leaves":1,"minecraft:tall_grass":33,"minecraft:cobblestone":80,"quark:black_corundum":2,"minecraft:wall_torch":10,"minecraft:pink_petals":1,"minecraft:cherry_wall_hanging_sign":1,"minecraft:wheat":14,"minecraft:orange_tulip":9,"minecraft:grass":117,"minecraft:coal_ore":54,"luminousworld:ishstone":6,"minecraft:cherry_leaves":9,"minecraft:dirt":10,"luminousworld:grassvariant_3":20,"quark:yellow_corundum_cluster":3,"minecraft:cobweb":1,"minecraft:gold_ore":8},"minecraft:broken":{"minecraft:iron_axe":1},"minecraft:killed_by":{"mutantmonsters:mutant_zombie":1,"born_in_chaos_v1:sir_pumpkinhead_without_horse":1,"undead_revamp2:thehunter":1,"creeperoverhaul:cave_creeper":1},"minecraft:killed":{"born_in_chaos_v1:mr_pumpkin":3,"undead_revamp2:thehunter":2,"undead_revamp2:thegliter":1,"born_in_chaos_v1:restless_spirit":1,"minecraft:spider":1,"enemyexpansion:direwolf":1,"naturalist:snail":1,"minecraft:skeleton":1,"undead_revamp2:sucker":1,"born_in_chaos_v1:diamond_termite":1,"born_in_chaos_v1:decrepit_skeleton":1,"minecraft:zombie":1,"born_in_chaos_v1:corpse_fly":2,"alexsmobs:fly":1},"minecraft:used":{"minecraft:cherry_sapling":25,"ecologics:walnut_log":1,"minecraft:iron_sword":209,"minecraft:iron_chestplate":1,"minecraft:torch":71,"minecraft:dirt":16,"minecraft:iron_axe":311,"minecraft:iron_helmet":1,"minecraft:iron_boots":1,"tombstone:gift":6,"minecraft:potato":15,"minecraft:cherry_log":6,"minecraft:iron_leggings":1,"minecraft:cherry_planks":545,"minecraft:crafting_table":1,"minecraft:cherry_hanging_sign":2,"minecraft:bread":25,"minecraft:iron_pickaxe":222,"tombstone:grave_key":5,"minecraft:cobblestone":98,"quark:oak_chest":2}},"DataVersion":3465}