{"stats":{"minecraft:dropped":{"luminousworld:yellowpetunias":2,"born_in_chaos_v1:ethereal_spirit":4,"minecraft:rotten_flesh":14,"ecologics:walnut_sapling":1,"minecraft:azure_bluet":16,"luminousworld:yellow_grassflowers":1,"luminousworld:grassflowers":6,"minecraft:cornflower":7},"minecraft:custom":{"minecraft:mob_kills":5,"minecraft:interact_with_crafting_table":3,"minecraft:damage_dealt_resisted":71,"minecraft:time_since_death":45158,"minecraft:sleep_in_bed":1,"minecraft:time_since_rest":37413,"minecraft:sprint_one_cm":61203,"minecraft:walk_one_cm":198029,"minecraft:damage_taken":410,"minecraft:drop":12,"minecraft:damage_dealt":514,"minecraft:fly_one_cm":83829,"minecraft:open_chest":4,"minecraft:crouch_one_cm":2367,"minecraft:play_time":45158,"tombstone:undead_killed":1,"minecraft:sneak_time":522,"minecraft:jump":574,"minecraft:walk_on_water_one_cm":477,"minecraft:total_world_time":45158,"minecraft:fall_one_cm":9537},"minecraft:crafted":{"minecraft:cherry_planks":276,"minecraft:crafting_table":1,"minecraft:bread":36,"minecraft:iron_axe":1,"minecraft:wheat":108},"minecraft:mined":{"luminousworld:white_petunias":5,"minecraft:cherry_planks":36,"minecraft:cherry_log":108,"minecraft:cherry_sapling":1,"minecraft:stripped_cherry_log":1,"minecraft:crafting_table":1,"minecraft:grass_block":1,"ecologics:walnut_leaves":1,"luminousworld:grassvariant_2":10,"minecraft:tall_grass":18,"minecraft:cobblestone":1,"minecraft:pink_petals":1,"minecraft:hay_block":12,"luminousworld:yellow_grassflowers":1,"minecraft:orange_tulip":9,"minecraft:grass":28,"minecraft:coal_ore":20,"minecraft:cherry_leaves":7,"minecraft:cobweb":1,"luminousworld:grassvariant_3":11,"luminousworld:groundpebbles_2":3,"ecologics:walnut_log":5,"minecraft:stone":2},"minecraft:killed":{"undead_revamp2:thehunter":1,"born_in_chaos_v1:restless_spirit":1,"enemyexpansion:direwolf":1,"naturalist:snail":1,"alexsmobs:fly":1},"minecraft:used":{"minecraft:cherry_sapling":8,"ecologics:walnut_log":1,"minecraft:cherry_planks":279,"minecraft:iron_sword":13,"minecraft:iron_chestplate":1,"minecraft:dirt":16,"minecraft:crafting_table":1,"minecraft:iron_axe":154,"minecraft:bread":9,"minecraft:iron_pickaxe":25,"minecraft:iron_helmet":1,"minecraft:iron_boots":1,"minecraft:cherry_log":4,"minecraft:iron_leggings":1},"minecraft:picked_up":{"minecraft:birch_log":2,"luminousworld:groundpebbles_1":2,"minecraft:pink_petals":4,"minecraft:crafting_table":1,"minecraft:azure_bluet":16,"minecraft:cherry_planks":36,"minecraft:jungle_log":2,"minecraft:stripped_cherry_log":1,"minecraft:cornflower":7,"minecraft:string":1,"minecraft:dirt":16,"minecraft:bone":1,"ecologics:walnut_sapling":1,"minecraft:wheat_seeds":6,"minecraft:orange_tulip":13,"earthmobsmod:duck_egg":4,"securitycraft:keycard_lv1":1,"minecraft:glass_bottle":1,"luminousworld:white_petunias":4,"minecraft:iron_sword":1,"minecraft:stick":5,"ecologics:walnut_log":5,"born_in_chaos_v1:ethereal_spirit":6,"minecraft:cherry_log":107,"luminousworld:grassflowers":8,"minecraft:rotten_flesh":15,"minecraft:slime_ball":1,"luminousworld:yellow_grassflowers":2,"luminousworld:yellowpetunias":2,"minecraft:hay_block":12,"minecraft:red_tulip":3,"minecraft:cherry_sapling":13,"supplementaries:ash":1,"alexsmobs:maggot":2,"minecraft:coal":20,"minecraft:cobblestone":4}},"DataVersion":3465}