{"stats":{"minecraft:dropped":{"luminousworld:grassflowers":6,"luminousworld:yellowpetunias":2,"minecraft:cornflower":7,"born_in_chaos_v1:ethereal_spirit":4,"minecraft:rotten_flesh":14,"ecologics:walnut_sapling":1,"minecraft:azure_bluet":16,"luminousworld:yellow_grassflowers":1},"minecraft:crafted":{"minecraft:cherry_planks":136,"minecraft:crafting_table":1,"minecraft:iron_axe":1,"minecraft:bread":36,"minecraft:wheat":108},"minecraft:custom":{"minecraft:time_since_rest":13413,"minecraft:sprint_one_cm":48333,"minecraft:damage_taken":90,"minecraft:walk_one_cm":82311,"minecraft:mob_kills":2,"minecraft:drop":12,"minecraft:damage_dealt":40,"minecraft:interact_with_crafting_table":3,"minecraft:fly_one_cm":68708,"minecraft:open_chest":4,"minecraft:crouch_one_cm":43,"minecraft:play_time":21158,"minecraft:sneak_time":9,"minecraft:jump":355,"minecraft:time_since_death":21158,"minecraft:walk_on_water_one_cm":477,"minecraft:sleep_in_bed":1,"minecraft:total_world_time":21158,"minecraft:fall_one_cm":7828},"minecraft:mined":{"minecraft:pink_petals":1,"minecraft:hay_block":12,"minecraft:cherry_log":34,"minecraft:crafting_table":1,"minecraft:grass":1,"minecraft:grass_block":1,"minecraft:coal_ore":20,"ecologics:walnut_leaves":1,"minecraft:cherry_leaves":2,"minecraft:tall_grass":2,"ecologics:walnut_log":5,"minecraft:stone":2},"minecraft:killed":{"naturalist:snail":1,"alexsmobs:fly":1},"minecraft:used":{"minecraft:cherry_sapling":1,"ecologics:walnut_log":1,"minecraft:iron_axe":39,"minecraft:bread":3,"minecraft:iron_pickaxe":24,"minecraft:iron_helmet":1,"minecraft:iron_sword":1,"minecraft:iron_boots":1,"minecraft:iron_chestplate":1,"minecraft:dirt":1,"minecraft:crafting_table":1,"minecraft:iron_leggings":1},"minecraft:picked_up":{"minecraft:pink_petals":4,"minecraft:stick":4,"minecraft:crafting_table":1,"minecraft:azure_bluet":16,"ecologics:walnut_log":5,"born_in_chaos_v1:ethereal_spirit":4,"minecraft:cherry_log":34,"minecraft:cornflower":7,"minecraft:dirt":1,"luminousworld:grassflowers":6,"minecraft:rotten_flesh":14,"minecraft:slime_ball":1,"ecologics:walnut_sapling":1,"luminousworld:yellow_grassflowers":1,"luminousworld:yellowpetunias":2,"earthmobsmod:duck_egg":4,"minecraft:hay_block":12,"securitycraft:keycard_lv1":1,"minecraft:cherry_sapling":9,"alexsmobs:maggot":2,"minecraft:iron_sword":1,"minecraft:coal":20,"minecraft:cobblestone":2}},"DataVersion":3465}