{"stats":{"minecraft:killed_by":{"creeperoverhaul:cave_creeper":1,"mutantmonsters:mutant_zombie":1,"born_in_chaos_v1:sir_pumpkinhead_without_horse":1,"undead_revamp2:thehunter":1},"minecraft:custom":{"minecraft:mob_kills":16,"minecraft:interact_with_crafting_table":4,"minecraft:damage_dealt_resisted":706,"minecraft:leave_game":3,"minecraft:time_since_death":22139,"minecraft:sleep_in_bed":4,"minecraft:climb_one_cm":702,"minecraft:time_since_rest":21592,"minecraft:damage_taken":2324,"minecraft:walk_one_cm":435917,"minecraft:sprint_one_cm":100890,"minecraft:drop":22,"minecraft:damage_dealt":4920,"minecraft:swim_one_cm":877,"minecraft:fly_one_cm":133650,"minecraft:open_chest":6,"minecraft:play_time":135005,"minecraft:crouch_one_cm":18893,"tombstone:undead_killed":6,"minecraft:deaths":5,"minecraft:sneak_time":3969,"minecraft:walk_under_water_one_cm":9095,"minecraft:jump":1151,"minecraft:walk_on_water_one_cm":5984,"minecraft:total_world_time":135005,"minecraft:fall_one_cm":30818},"minecraft:dropped":{"minecraft:bread":7,"luminousworld:yellowpetunias":2,"born_in_chaos_v1:ethereal_spirit":4,"minecraft:rotten_flesh":14,"ecologics:walnut_sapling":1,"minecraft:azure_bluet":16,"luminousworld:yellow_grassflowers":1,"supplementaries:ash":1,"luminousworld:grassflowers":6,"minecraft:cornflower":7,"ecologics:walnut_log":2},"minecraft:crafted":{"minecraft:cherry_planks":428,"minecraft:oak_planks":4,"minecraft:crafting_table":1,"ecologics:walnut_planks":4,"minecraft:bread":36,"minecraft:iron_axe":1,"minecraft:stick":16,"minecraft:torch":84,"minecraft:wheat":108},"minecraft:mined":{"luminousworld:white_petunias":5,"minecraft:cherry_planks":123,"iceandfire:silver_ore":1,"minecraft:cherry_log":112,"minecraft:cherry_sapling":1,"minecraft:stripped_cherry_log":1,"minecraft:crafting_table":1,"minecraft:torch":4,"minecraft:grass_block":37,"minecraft:calcite":2,"ecologics:walnut_leaves":1,"quark:yellow_corundum":2,"luminousworld:grassvariant_2":13,"minecraft:tall_grass":20,"minecraft:cobblestone":78,"quark:black_corundum":2,"minecraft:wall_torch":6,"minecraft:pink_petals":1,"minecraft:hay_block":12,"luminousworld:sunset_petunias":1,"luminousworld:yellow_grassflowers":1,"minecraft:iron_ore":16,"minecraft:orange_tulip":9,"quark:black_corundum_cluster":1,"minecraft:brown_bed":1,"minecraft:grass":35,"minecraft:pointed_dripstone":1,"minecraft:coal_ore":42,"luminousworld:ishstone":4,"minecraft:cherry_leaves":7,"minecraft:dirt":10,"minecraft:stripped_oak_log":1,"quark:yellow_corundum_cluster":3,"luminousworld:grassvariant_3":13,"minecraft:cobweb":1,"luminousworld:groundpebbles_2":3,"ecologics:walnut_log":5,"minecraft:stone":14},"minecraft:killed":{"born_in_chaos_v1:mr_pumpkin":3,"undead_revamp2:thehunter":2,"undead_revamp2:thegliter":1,"born_in_chaos_v1:diamond_termite":1,"born_in_chaos_v1:restless_spirit":1,"enemyexpansion:direwolf":1,"born_in_chaos_v1:decrepit_skeleton":1,"naturalist:snail":1,"minecraft:skeleton":1,"born_in_chaos_v1:corpse_fly":2,"alexsmobs:fly":1,"undead_revamp2:sucker":1},"minecraft:used":{"minecraft:cherry_sapling":8,"ecologics:walnut_log":1,"minecraft:cherry_planks":545,"minecraft:iron_sword":194,"minecraft:iron_chestplate":1,"minecraft:torch":62,"minecraft:dirt":16,"minecraft:crafting_table":1,"minecraft:iron_axe":249,"minecraft:bread":18,"minecraft:iron_pickaxe":169,"minecraft:iron_helmet":1,"tombstone:grave_key":5,"minecraft:iron_boots":1,"minecraft:cobblestone":98,"minecraft:cherry_log":4,"minecraft:iron_leggings":1},"minecraft:picked_up":{"minecraft:stripped_oak_log":1,"minecraft:birch_log":2,"luminousworld:groundpebbles_1":2,"minecraft:pink_petals":4,"minecraft:crafting_table":1,"minecraft:azure_bluet":16,"minecraft:cherry_planks":120,"minecraft:jungle_log":2,"luminousworld:ishstone":3,"minecraft:brown_bed":1,"quark:black_corundum_cluster":4,"minecraft:stripped_cherry_log":1,"minecraft:oak_log":5,"minecraft:cornflower":8,"minecraft:dirt":62,"minecraft:string":1,"minecraft:bone":4,"ecologics:walnut_sapling":1,"minecraft:orange_tulip":13,"minecraft:wheat_seeds":9,"earthmobsmod:duck_egg":4,"securitycraft:keycard_lv1":1,"minecraft:calcite":2,"minecraft:glass_bottle":1,"luminousworld:white_petunias":4,"minecraft:iron_sword":1,"quark:black_corundum":1,"minecraft:stick":5,"minecraft:raw_iron":14,"ecologics:walnut_log":5,"minecraft:torch":9,"born_in_chaos_v1:ethereal_spirit":6,"quark:yellow_corundum_cluster":5,"sophisticatedbackpacks:backpack":1,"minecraft:cherry_log":110,"minecraft:pointed_dripstone":4,"minecraft:arrow":2,"quark:yellow_corundum":2,"luminousworld:grassflowers":8,"minecraft:rotten_flesh":17,"minecraft:slime_ball":1,"luminousworld:yellow_grassflowers":2,"luminousworld:yellowpetunias":2,"minecraft:hay_block":12,"minecraft:red_tulip":3,"minecraft:cherry_sapling":13,"tombstone:essence_of_undeath":1,"alexsmobs:maggot":2,"supplementaries:ash":2,"iceandfire:raw_silver":1,"minecraft:coal":40,"minecraft:cobblestone":114,"born_in_chaos_v1:diamond_termite_shard":1}},"DataVersion":3465}