{"stats":{"minecraft:picked_up":{"minecraft:birch_log":12,"luminousworld:groundpebbles_1":2,"minecraft:mud":2,"minecraft:crafting_table":3,"minecraft:feather":10,"minecraft:chicken":7,"minecraft:andesite":17,"luminousworld:ishstone":10,"minecraft:leather":14,"minecraft:oak_log":43,"born_in_chaos_v1:black_argillite":7,"minecraft:dirt":17,"minecraft:raw_copper":26,"quark:spruce_chest":1,"minecraft:wheat_seeds":6,"minecraft:cobbled_deepslate":2,"earthmobsmod:fancy_feather":1,"minecraft:beef":16,"minecraft:egg":2,"minecraft:furnace":4,"minecraft:raw_iron":27,"minecraft:torch":2,"luminousworld:sunset_petunias":1,"minecraft:porkchop":9,"minecraft:white_bed":1,"minecraft:diorite":2,"minecraft:spruce_log":7,"luminousworld:grassflowers":2,"minecraft:granite":2,"minecraft:white_wool":5,"minecraft:mutton":8,"minecraft:coal":106,"iceandfire:raw_silver":4,"minecraft:cobblestone":394},"minecraft:dropped":{"luminousworld:ishstone":10,"minecraft:white_wool":1},"minecraft:crafted":{"minecraft:cooked_beef":16,"minecraft:oak_planks":4,"minecraft:cooked_porkchop":9,"minecraft:crafting_table":1,"minecraft:spruce_planks":28,"minecraft:wooden_pickaxe":1,"minecraft:cooked_chicken":7,"minecraft:iron_helmet":1,"minecraft:furnace":2,"minecraft:copper_ingot":26,"minecraft:birch_planks":8,"minecraft:stone_axe":2,"iceandfire:armor_copper_metal_helmet":1,"minecraft:cooked_mutton":8,"minecraft:air":0,"iceandfire:armor_copper_metal_boots":2,"minecraft:iron_chestplate":1,"minecraft:shield":1,"minecraft:stick":32,"minecraft:iron_ingot":27,"iceandfire:armor_copper_metal_chestplate":1,"minecraft:stone_pickaxe":5,"minecraft:stone_sword":1,"minecraft:iron_leggings":1,"minecraft:white_bed":1,"quark:spruce_chest":1,"minecraft:torch":60},"minecraft:custom":{"minecraft:interact_with_furnace":53,"minecraft:mob_kills":26,"minecraft:interact_with_crafting_table":18,"minecraft:leave_game":2,"minecraft:time_since_death":37921,"minecraft:sleep_in_bed":1,"minecraft:climb_one_cm":318,"minecraft:time_since_rest":9586,"minecraft:sprint_one_cm":53130,"minecraft:damage_taken":371,"minecraft:walk_one_cm":165689,"minecraft:drop":2,"minecraft:damage_dealt":2109,"minecraft:swim_one_cm":2950,"minecraft:fly_one_cm":81814,"minecraft:open_chest":27,"minecraft:play_time":37921,"minecraft:crouch_one_cm":1847,"minecraft:sneak_time":1060,"minecraft:walk_under_water_one_cm":435,"minecraft:jump":900,"minecraft:walk_on_water_one_cm":2982,"minecraft:total_world_time":37921,"minecraft:fall_one_cm":18083},"minecraft:mined":{"luminousworld:groundpebbles_1":2,"minecraft:white_bed":1,"iceandfire:silver_ore":4,"luminousworld:grassvariant_4":1,"minecraft:crafting_table":4,"minecraft:torch":1,"minecraft:granite":2,"minecraft:grass_block":1,"born_in_chaos_v1:black_argillite":7,"luminousworld:grassvariant_2":6,"luminousworld:grassflowers":1,"minecraft:copper_ore":8,"minecraft:cobblestone":3,"minecraft:spruce_leaves":1,"minecraft:diorite":2,"minecraft:wall_torch":1,"luminousworld:sunset_petunias":1,"minecraft:furnace":4,"minecraft:mud":3,"minecraft:birch_log":12,"minecraft:iron_ore":27,"minecraft:spruce_log":7,"minecraft:andesite":17,"minecraft:grass":20,"minecraft:oak_log":46,"minecraft:coal_ore":94,"luminousworld:ishstone":10,"quark:spruce_chest":1,"minecraft:dirt":16,"luminousworld:grassvariant_3":5,"minecraft:stone":398,"minecraft:oak_leaves":3,"minecraft:deepslate":2,"minecraft:infested_stone":1},"minecraft:broken":{"minecraft:stone_pickaxe":4,"minecraft:wooden_pickaxe":1},"minecraft:killed":{"minecraft:pig":5,"minecraft:sheep":3,"minecraft:chicken":6,"earthmobsmod:teacup_pig":2,"earthmobsmod:fancy_chicken":1,"minecraft:cow":5,"earthmobsmod:albino_cow":4},"minecraft:used":{"minecraft:cooked_mutton":3,"minecraft:diorite":2,"minecraft:stone_sword":69,"minecraft:stone_pickaxe":530,"minecraft:wooden_pickaxe":59,"born_in_chaos_v1:black_argillite":7,"luminousworld:groundpebbles_1":2,"minecraft:torch":24,"minecraft:dirt":17,"minecraft:crafting_table":4,"minecraft:white_bed":1,"minecraft:granite":2,"quark:spruce_chest":1,"minecraft:stone_axe":110,"luminousworld:sunset_petunias":1,"minecraft:cobblestone":33,"minecraft:furnace":4,"minecraft:cooked_porkchop":3,"minecraft:andesite":7,"alexsmobs:animal_dictionary":2,"minecraft:cobbled_deepslate":2}},"DataVersion":3465}