{"stats":{"minecraft:picked_up":{"minecraft:birch_log":12,"luminousworld:groundpebbles_1":2,"minecraft:mud":2,"minecraft:crafting_table":3,"minecraft:feather":10,"minecraft:chicken":7,"minecraft:andesite":17,"luminousworld:ishstone":10,"minecraft:leather":16,"minecraft:oak_log":43,"born_in_chaos_v1:black_argillite":7,"minecraft:dirt":22,"minecraft:raw_copper":26,"quark:spruce_chest":1,"minecraft:wheat_seeds":6,"minecraft:cobbled_deepslate":2,"earthmobsmod:fancy_feather":1,"minecraft:beef":19,"minecraft:egg":2,"minecraft:furnace":4,"iceandfire:pixie_dust":1,"minecraft:raw_iron":27,"minecraft:torch":2,"luminousworld:sunset_petunias":1,"minecraft:porkchop":9,"minecraft:sand":94,"minecraft:white_bed":1,"minecraft:diorite":2,"minecraft:spruce_log":7,"luminousworld:grassflowers":2,"minecraft:granite":2,"minecraft:white_wool":5,"minecraft:mutton":8,"minecraft:coal":109,"iceandfire:raw_silver":4,"minecraft:cobblestone":413},"minecraft:dropped":{"luminousworld:ishstone":10,"minecraft:white_wool":1},"minecraft:crafted":{"minecraft:cooked_beef":16,"minecraft:oak_planks":4,"minecraft:stone_shovel":1,"minecraft:cooked_porkchop":9,"minecraft:crafting_table":2,"minecraft:spruce_planks":28,"minecraft:wooden_pickaxe":1,"minecraft:cooked_chicken":7,"minecraft:iron_helmet":1,"minecraft:furnace":2,"minecraft:copper_ingot":26,"minecraft:birch_planks":48,"minecraft:stone_axe":3,"iceandfire:armor_copper_metal_helmet":1,"minecraft:cooked_mutton":8,"minecraft:air":0,"iceandfire:armor_copper_metal_boots":2,"minecraft:iron_chestplate":1,"minecraft:shield":1,"minecraft:stick":36,"minecraft:iron_ingot":27,"iceandfire:armor_copper_metal_chestplate":1,"minecraft:stone_pickaxe":5,"minecraft:stone_sword":1,"minecraft:iron_leggings":1,"minecraft:white_bed":1,"quark:spruce_chest":1,"minecraft:torch":60},"minecraft:custom":{"minecraft:interact_with_furnace":55,"minecraft:mob_kills":28,"minecraft:interact_with_crafting_table":20,"minecraft:leave_game":2,"minecraft:time_since_death":43921,"minecraft:sleep_in_bed":1,"minecraft:climb_one_cm":318,"minecraft:time_since_rest":15586,"minecraft:sprint_one_cm":78143,"minecraft:damage_taken":493,"minecraft:walk_one_cm":202756,"minecraft:damage_blocked_by_shield":165,"minecraft:drop":2,"minecraft:damage_dealt":2527,"minecraft:swim_one_cm":12751,"minecraft:fly_one_cm":100278,"minecraft:open_chest":30,"minecraft:play_time":43921,"minecraft:crouch_one_cm":2397,"minecraft:sneak_time":1315,"minecraft:walk_under_water_one_cm":5814,"minecraft:jump":1094,"minecraft:walk_on_water_one_cm":9200,"minecraft:total_world_time":43921,"minecraft:fall_one_cm":22501},"minecraft:mined":{"luminousworld:groundpebbles_1":2,"minecraft:white_bed":1,"iceandfire:silver_ore":4,"luminousworld:grassvariant_4":1,"minecraft:crafting_table":4,"minecraft:torch":1,"minecraft:granite":2,"minecraft:grass_block":3,"born_in_chaos_v1:black_argillite":7,"luminousworld:grassvariant_2":6,"luminousworld:grassflowers":1,"minecraft:copper_ore":8,"minecraft:cobblestone":3,"minecraft:spruce_leaves":1,"minecraft:diorite":2,"minecraft:wall_torch":1,"luminousworld:sunset_petunias":1,"minecraft:furnace":4,"minecraft:mud":3,"minecraft:birch_log":12,"minecraft:iron_ore":27,"minecraft:spruce_log":7,"minecraft:andesite":17,"minecraft:grass":20,"minecraft:oak_log":46,"minecraft:coal_ore":97,"luminousworld:ishstone":10,"quark:spruce_chest":1,"minecraft:sand":123,"minecraft:dirt":19,"luminousworld:grassvariant_3":5,"minecraft:stone":417,"minecraft:oak_leaves":3,"minecraft:deepslate":2,"minecraft:infested_stone":1},"minecraft:broken":{"minecraft:stone_pickaxe":4,"minecraft:stone_axe":1,"minecraft:wooden_pickaxe":1},"minecraft:killed":{"minecraft:pig":5,"minecraft:sheep":3,"minecraft:chicken":6,"earthmobsmod:teacup_pig":2,"earthmobsmod:fancy_chicken":1,"minecraft:cow":7,"earthmobsmod:albino_cow":4},"minecraft:used":{"minecraft:cooked_mutton":4,"minecraft:diorite":2,"minecraft:stone_sword":82,"minecraft:stone_shovel":123,"minecraft:stone_pickaxe":554,"minecraft:shield":4,"minecraft:wooden_pickaxe":59,"born_in_chaos_v1:black_argillite":7,"luminousworld:groundpebbles_1":2,"minecraft:torch":24,"minecraft:dirt":17,"minecraft:sand":2,"minecraft:crafting_table":5,"minecraft:white_bed":2,"minecraft:granite":2,"quark:spruce_chest":2,"minecraft:stone_axe":112,"luminousworld:sunset_petunias":1,"minecraft:cobblestone":33,"minecraft:furnace":6,"minecraft:cooked_porkchop":3,"minecraft:andesite":7,"alexsmobs:animal_dictionary":2,"minecraft:cobbled_deepslate":2}},"DataVersion":3465}