{"stats":{"minecraft:picked_up":{"born_in_chaos_v1:diamond_termite_shard":3,"minecraft:raw_iron":17,"minecraft:wheat":3,"ecologics:walnut_log":11,"minecraft:andesite":79,"iceandfire:podium_spruce":1,"luminousworld:ishstone":49,"minecraft:torch":25,"minecraft:dandelion":3,"minecraft:dirt":25,"vanillaplustools:iron_hammer":2,"iceandfire:bestiary":1,"minecraft:wheat_seeds":7,"minecraft:granite":9,"minecraft:cooked_chicken":2,"minecraft:cherry_sapling":2,"minecraft:bread":17,"minecraft:coal":25,"iceandfire:raw_silver":4,"minecraft:cobblestone":413,"minecraft:egg":1},"minecraft:crafted":{"minecraft:crafting_table":1,"minecraft:iron_pickaxe":1,"minecraft:iron_ingot":3,"ecologics:walnut_planks":12,"minecraft:furnace":8,"minecraft:air":0},"minecraft:custom":{"minecraft:time_since_rest":9829,"minecraft:interact_with_furnace":8,"minecraft:sprint_one_cm":38525,"minecraft:damage_taken":350,"minecraft:walk_one_cm":74865,"minecraft:mob_kills":3,"minecraft:damage_dealt":420,"minecraft:interact_with_crafting_table":4,"minecraft:fly_one_cm":52644,"minecraft:open_chest":10,"minecraft:crouch_one_cm":1155,"minecraft:play_time":9829,"minecraft:sneak_time":298,"minecraft:jump":228,"minecraft:time_since_death":9829,"minecraft:total_world_time":9829,"minecraft:fall_one_cm":9382},"minecraft:mined":{"iceandfire:silver_ore":4,"minecraft:iron_ore":17,"minecraft:wheat":4,"minecraft:andesite":81,"born_in_chaos_v1:river_mint":2,"born_in_chaos_v1:infected_diamond_ore":1,"minecraft:granite":9,"minecraft:grass":7,"supplementaries:stick":1,"minecraft:grass_block":6,"minecraft:coal_ore":27,"luminousworld:ishstone":50,"ecologics:walnut_leaves":5,"minecraft:dirt":19,"luminousworld:grassvariant_2":1,"minecraft:tall_grass":2,"ecologics:walnut_log":11,"minecraft:stone":425,"iceandfire:podium_spruce":1,"minecraft:sugar_cane":1},"minecraft:broken":{"vanillaplustools:iron_hammer":2},"minecraft:killed":{"born_in_chaos_v1:diamond_termite":3},"minecraft:used":{"minecraft:cherry_sapling":2,"minecraft:bread":4,"minecraft:iron_pickaxe":99,"minecraft:iron_sword":25,"minecraft:torch":2,"minecraft:stick":1,"minecraft:dirt":18,"minecraft:crafting_table":1,"vanillaplustools:iron_hammer":65,"minecraft:furnace":2}},"DataVersion":3465}