{"stats":{"minecraft:picked_up":{"minecraft:wheat":3,"iceandfire:podium_spruce":1,"iceandfire:bestiary":1,"minecraft:wheat_seeds":7,"minecraft:dandelion":3,"minecraft:cooked_chicken":2,"minecraft:cherry_sapling":2,"minecraft:bread":17,"minecraft:dirt":21,"minecraft:egg":1},"minecraft:custom":{"minecraft:open_chest":10,"minecraft:time_since_rest":4550,"minecraft:play_time":4550,"minecraft:crouch_one_cm":468,"minecraft:sprint_one_cm":27789,"minecraft:damage_taken":200,"minecraft:walk_one_cm":24078,"minecraft:sneak_time":159,"minecraft:jump":125,"minecraft:time_since_death":4550,"minecraft:total_world_time":4550,"minecraft:fall_one_cm":8695,"minecraft:fly_one_cm":36631},"minecraft:mined":{"minecraft:grass":6,"minecraft:grass_block":6,"minecraft:dirt":15,"luminousworld:grassvariant_2":1,"minecraft:tall_grass":2,"minecraft:wheat":4,"iceandfire:podium_spruce":1,"minecraft:sugar_cane":1,"born_in_chaos_v1:river_mint":2},"minecraft:used":{"minecraft:cherry_sapling":2,"minecraft:dirt":16,"minecraft:bread":1}},"DataVersion":3465}