{"stats":{"minecraft:killed_by":{"born_in_chaos_v1:nightmare_stalker":1,"minecraft:stray":1,"minecraft:creeper":1,"enemyexpansion:huntsman":1,"earthmobsmod:bouldering_zombie":1,"undead_revamp2:thehunter":5,"minecraft:skeleton":14,"enemyexpansion:direwolf":1,"iceandfire:ghost":1,"born_in_chaos_v1:dread_hound":2},"minecraft:custom":{"minecraft:mob_kills":74,"minecraft:interact_with_crafting_table":19,"minecraft:open_barrel":9,"minecraft:damage_dealt_resisted":145,"minecraft:eat_cake_slice":4,"minecraft:leave_game":1,"minecraft:time_since_death":25823,"minecraft:climb_one_cm":7658,"minecraft:damage_resisted":10,"minecraft:sprint_one_cm":521542,"minecraft:walk_one_cm":594047,"minecraft:drop":102,"tombstone:eaten_lollipop":1,"minecraft:talked_to_villager":15,"minecraft:play_time":222571,"minecraft:sneak_time":5884,"minecraft:deaths":31,"minecraft:walk_under_water_one_cm":18954,"minecraft:jump":2245,"minecraft:walk_on_water_one_cm":17953,"minecraft:total_world_time":222571,"minecraft:interact_with_furnace":30,"minecraft:traded_with_villager":15,"minecraft:interact_with_loom":2,"minecraft:sleep_in_bed":9,"minecraft:time_since_rest":5318,"minecraft:damage_taken":10133,"minecraft:trigger_trapped_chest":1,"minecraft:damage_dealt":15443,"minecraft:swim_one_cm":105941,"minecraft:fly_one_cm":559075,"minecraft:open_chest":85,"minecraft:crouch_one_cm":15909,"tombstone:undead_killed":34,"minecraft:fall_one_cm":147794},"minecraft:crafted":{"minecraft:oak_planks":60,"minecraft:coal":126,"minecraft:furnace":4,"supplementaries:doormat":1,"minecraft:bone_meal":42,"vanillaplustools:iron_hammer":2,"minecraft:leather":4,"luminousworld:white_oak_plank":32,"minecraft:chest":1,"minecraft:wheat":192,"minecraft:cooked_beef":8,"minecraft:emerald":15,"minecraft:crafting_table":2,"minecraft:bucket":1,"born_in_chaos_v1:bone_heart":1,"undead_revamp2:luckysack":1,"minecraft:bread":64,"minecraft:air":0,"minecraft:cobblestone":2,"minecraft:stick":100,"minecraft:iron_ingot":61,"minecraft:iron_pickaxe":17,"minecraft:stone_sword":1,"minecraft:acacia_planks":16,"minecraft:torch":76,"ironchest:iron_chest":1},"minecraft:dropped":{"minecraft:enchanted_book":1,"minecraft:bread":6,"minecraft:iron_sword":2,"iceandfire:raw_silver":1,"minecraft:acacia_wood":1,"luminousworld:sunset_petunias":2,"minecraft:wheat_seeds":3,"minecraft:oak_log":192,"minecraft:glass_bottle":1,"alexscaves:burrowing_arrow":1,"minecraft:granite":87,"iceandfire:ectoplasm":3,"minecraft:copper_ingot":2,"minecraft:coal":1,"minecraft:coal_block":2,"minecraft:dirt":8,"minecraft:stick":40,"ecologics:walnut_planks":1,"minecraft:diorite":3,"minecraft:torch":1,"minecraft:cornflower":2,"supplementaries:flax":5,"minecraft:iron_leggings":2,"minecraft:chain":1,"minecraft:sunflower":1,"minecraft:sand":21,"minecraft:acacia_planks":1,"minecraft:dandelion":12,"minecraft:gravel":2,"luminousworld:white_oak_plank":22,"minecraft:stone_sword":2,"minecraft:cobbled_deepslate":3,"minecraft:raw_copper":10,"minecraft:tuff":64,"minecraft:rotten_flesh":14,"minecraft:iron_boots":1,"sophisticatedbackpacks:backpack":1,"minecraft:potato":14,"minecraft:hay_block":2,"iceandfire:ghost_chest":2,"supplementaries:cartographers_quill":1,"minecraft:gunpowder":4,"minecraft:skeleton_skull":3,"luminousworld:groundpebbles_1":4,"iceandfire:bestiary":2,"minecraft:iron_bars":1,"minecraft:bow":1,"minecraft:wooden_pickaxe":1,"minecraft:candle":1,"iceandfire:manuscript":28,"minecraft:egg":2},"minecraft:mined":{"alexscaves:spelunkery_table":1,"luminousworld:groundpebbles_1":12,"minecraft:tuff":81,"minecraft:white_bed":2,"iceandfire:silver_ore":4,"luminousworld:grassvariant_4":2,"born_in_chaos_v1:infected_diamond_ore":1,"minecraft:granite":87,"minecraft:grass_block":10,"iceandfire:lectern":1,"quark:yellow_corundum":4,"luminousworld:grassvariant_2":8,"minecraft:coal_block":16,"luminousworld:groundpebbles_3":9,"minecraft:hay_block":24,"luminousworld:sunset_petunias":1,"minecraft:furnace":6,"supplementaries:flax":1,"minecraft:iron_ore":36,"minecraft:fire":1,"minecraft:acacia_wood":4,"minecraft:andesite":35,"minecraft:target":2,"minecraft:potatoes":1,"minecraft:azure_bluet":1,"quark:black_corundum_cluster":4,"minecraft:pointed_dripstone":15,"minecraft:deepslate_iron_ore":22,"iceandfire:gold_pile":1,"luminousworld:groundpebbles_2":1,"minecraft:stone":1363,"iceandfire:podium_spruce":2,"minecraft:deepslate_redstone_ore":3,"minecraft:glass_pane":1,"minecraft:dandelion":7,"minecraft:crafting_table":3,"minecraft:cornflower":2,"minecraft:torch":1,"iceandfire:ghost_chest":2,"minecraft:chest":3,"luminousworld:auburnlog":2,"minecraft:copper_ore":3,"minecraft:tall_grass":10,"minecraft:cobblestone":4,"quark:black_corundum":12,"minecraft:wall_torch":3,"minecraft:diorite":3,"supplementaries:urn":7,"luminousworld:whiteoaklog":8,"supplementaries:doormat":1,"minecraft:tnt":4,"minecraft:smooth_stone_slab":1,"minecraft:grass":23,"minecraft:coal_ore":67,"minecraft:oak_log":79,"luminousworld:ishstone":2,"minecraft:sand":23,"minecraft:gravel":2,"minecraft:sunflower":35,"minecraft:dirt":3,"quark:yellow_corundum_cluster":2,"minecraft:cobweb":6,"luminousworld:grassvariant_3":8,"minecraft:stone_bricks":3,"luminousworld:white_petunias":1,"minecraft:oak_leaves":6,"minecraft:deepslate":485},"minecraft:broken":{"minecraft:iron_boots":1,"minecraft:iron_sword":1,"minecraft:iron_helmet":1,"aether:chainmail_gloves":1},"minecraft:killed":{"born_in_chaos_v1:zombie_clown":1,"alexsmobs:hummingbird":2,"endermanoverhaul:flower_fields_enderman":1,"undead_revamp2:thehunter":2,"born_in_chaos_v1:restless_spirit":2,"born_in_chaos_v1:zombie_lumberjack":1,"minecraft:spider":3,"enemyexpansion:direwolf":2,"born_in_chaos_v1:zombie_bruiser":1,"undead_revamp2:theswarmer":1,"born_in_chaos_v1:maggot":4,"minecraft:skeleton":11,"minecraft:horse":1,"quark:shiba":1,"undead_revamp2:thebidy":1,"mowziesmobs:baby_foliaath":1,"born_in_chaos_v1:diamond_termite":1,"born_in_chaos_v1:baby_skeleton":1,"naturalist:butterfly":2,"luminousworld:trout_fish":1,"born_in_chaos_v1:decrepit_skeleton":6,"luminousworld:hairstreak":1,"born_in_chaos_v1:bloody_gadfly":1,"enemyexpansion:meature":2,"endermanoverhaul:cave_enderman":2,"minecraft:zombie":5,"iceandfire:ghost":1,"born_in_chaos_v1:dread_hound":3,"born_in_chaos_v1:corpse_fly":6,"born_in_chaos_v1:nightmare_stalker":1,"luminousworld:miner_zombie":1},"minecraft:used":{"iceandfire:lectern":1,"minecraft:stone_sword":52,"iceandfire:silver_sword":104,"born_in_chaos_v1:intoxicating_decoction":1,"minecraft:chest":3,"minecraft:iron_sword":222,"tombstone:lollipop":1,"minecraft:torch":71,"minecraft:dirt":31,"minecraft:target":2,"ironchest:iron_chest":1,"supplementaries:doormat":2,"minecraft:iron_hoe":6,"minecraft:iron_axe":103,"minecraft:chicken_spawn_egg":10,"alexscaves:spelunkery_table":1,"undead_revamp2:huntereye":1,"minecraft:bow":30,"luminousworld:auburn_door":1,"minecraft:furnace":8,"tombstone:gift":8,"minecraft:cooked_beef":2,"minecraft:acacia_planks":12,"minecraft:iron_leggings":4,"mowziesmobs:foliaath_seed":4,"minecraft:water_bucket":7,"minecraft:cow_spawn_egg":7,"minecraft:sheep_spawn_egg":7,"iceandfire:podium_spruce":1,"minecraft:sand":1,"minecraft:tnt":2,"minecraft:crafting_table":3,"minecraft:white_bed":2,"minecraft:pumpkin_seeds":1,"tombstone:bag_of_seeds":2,"minecraft:apple":16,"minecraft:iron_pickaxe":216,"minecraft:bread":22,"minecraft:pig_spawn_egg":9,"iceandfire:graveyard_soil":2,"tombstone:magic_scroll":1,"tombstone:grave_key":19,"supplementaries:flax_seeds":3,"luminousworld:trout":1,"minecraft:cobblestone":48,"vanillaplustools:iron_hammer":244,"minecraft:bucket":7,"alexsmobs:animal_dictionary":3,"minecraft:bone_meal":17,"minecraft:cobweb":9},"minecraft:picked_up":{"minecraft:iron_chestplate":1,"luminousworld:groundpebbles_1":22,"minecraft:crafting_table":3,"born_in_chaos_v1:diamond_termite_shard":1,"minecraft:wheat":6,"minecraft:wooden_pickaxe":1,"luminousworld:trout":1,"minecraft:enchanted_book":2,"minecraft:chain":1,"minecraft:cornflower":2,"iceandfire:manuscript":14,"minecraft:string":6,"minecraft:raw_copper":10,"minecraft:iron_axe":2,"minecraft:iron_leggings":1,"born_in_chaos_v1:intoxicating_decoction":1,"minecraft:item_frame":1,"iceandfire:graveyard_soil":2,"iceandfire:bestiary":3,"minecraft:candle":1,"minecraft:gold_nugget":29,"minecraft:cobbled_deepslate":186,"born_in_chaos_v1:gnawed_bones":1,"minecraft:coal_block":16,"minecraft:chest":3,"minecraft:furnace":4,"minecraft:egg":2,"minecraft:stick":1,"minecraft:raw_iron":61,"minecraft:stone":1,"iceandfire:ghost_chest":2,"born_in_chaos_v1:shattered_skull":1,"minecraft:copper_ingot":2,"minecraft:torch":4,"quark:yellow_corundum_cluster":9,"sophisticatedbackpacks:backpack":1,"minecraft:target":2,"minecraft:pointed_dripstone":11,"tombstone:grave_dust":5,"minecraft:diorite":3,"born_in_chaos_v1:nightmare_claw":1,"minecraft:carrot":12,"supplementaries:flax":7,"minecraft:tnt":4,"quark:yellow_corundum":3,"tombstone:lollipop":1,"iceandfire:silver_ingot":1,"minecraft:stone_sword":1,"minecraft:arrow":11,"minecraft:rotten_flesh":31,"aether:chainmail_gloves":1,"minecraft:hay_block":24,"alexscaves:spelunkery_table":1,"minecraft:gold_ingot":3,"minecraft:skeleton_skull":3,"minecraft:cobblestone":1171,"born_in_chaos_v1:fused_bone":2,"minecraft:pink_petals":11,"born_in_chaos_v1:corpse_maggot":15,"minecraft:cooked_beef":1,"born_in_chaos_v1:monster_flesh":2,"minecraft:andesite":2,"minecraft:leather":2,"minecraft:potato":5,"minecraft:acacia_wood":5,"quark:black_corundum_cluster":24,"minecraft:tuff":63,"minecraft:oak_log":207,"supplementaries:flax_seeds":10,"undead_revamp2:huntereye":2,"iceandfire:ectoplasm":6,"minecraft:dirt":93,"supplementaries:doormat":1,"tombstone:gift":1,"born_in_chaos_v1:monster_skin":7,"minecraft:bone":28,"supplementaries:cartographers_quill":1,"minecraft:acacia_planks":1,"minecraft:stone_bricks":1,"minecraft:bow":2,"minecraft:wheat_seeds":5,"minecraft:iron_ingot":14,"minecraft:cobweb":6,"luminousworld:auburn_door":1,"tombstone:bag_of_seeds":1,"minecraft:iron_sword":4,"quark:black_corundum":12,"minecraft:sand":22,"iceandfire:podium_spruce":2,"born_in_chaos_v1:ethereal_spirit":5,"minecraft:dandelion":14,"minecraft:gravel":2,"luminousworld:sunset_petunias":3,"minecraft:white_bed":2,"minecraft:spider_eye":2,"luminousworld:whiteoaklog":8,"minecraft:bundle":1,"minecraft:iron_hoe":1,"iceandfire:lectern":1,"iceandfire:silver_sword":2,"minecraft:chainmail_leggings":1,"minecraft:iron_helmet":1,"minecraft:granite":87,"minecraft:emerald":4,"tombstone:magic_scroll":2,"minecraft:sunflower":31,"minecraft:coal":67,"iceandfire:raw_silver":4,"minecraft:ender_pearl":2}},"DataVersion":3465}