{"stats":{"minecraft:killed_by":{"born_in_chaos_v1:nightmare_stalker":1,"minecraft:stray":1,"enemyexpansion:huntsman":1,"earthmobsmod:bouldering_zombie":1,"undead_revamp2:thehunter":5,"minecraft:skeleton":14,"enemyexpansion:direwolf":1,"iceandfire:ghost":1,"born_in_chaos_v1:dread_hound":2},"minecraft:custom":{"minecraft:mob_kills":62,"minecraft:interact_with_crafting_table":17,"minecraft:damage_dealt_resisted":134,"minecraft:eat_cake_slice":1,"minecraft:leave_game":1,"minecraft:time_since_death":40539,"minecraft:climb_one_cm":6914,"minecraft:damage_resisted":10,"minecraft:sprint_one_cm":438609,"minecraft:walk_one_cm":445269,"minecraft:drop":57,"tombstone:eaten_lollipop":1,"minecraft:talked_to_villager":15,"minecraft:play_time":162571,"minecraft:sneak_time":4443,"minecraft:deaths":29,"minecraft:walk_under_water_one_cm":9217,"minecraft:jump":1933,"minecraft:walk_on_water_one_cm":15730,"minecraft:total_world_time":162571,"minecraft:interact_with_furnace":27,"minecraft:traded_with_villager":15,"minecraft:sleep_in_bed":7,"minecraft:time_since_rest":31842,"minecraft:damage_taken":8837,"minecraft:trigger_trapped_chest":1,"minecraft:damage_dealt":12773,"minecraft:swim_one_cm":4162,"minecraft:fly_one_cm":520652,"minecraft:open_chest":65,"minecraft:crouch_one_cm":11295,"tombstone:undead_killed":31,"minecraft:fall_one_cm":133515},"minecraft:crafted":{"minecraft:oak_planks":60,"minecraft:coal":126,"minecraft:furnace":4,"vanillaplustools:iron_hammer":2,"minecraft:leather":4,"luminousworld:white_oak_plank":32,"minecraft:chest":1,"minecraft:wheat":192,"minecraft:cooked_beef":8,"minecraft:emerald":15,"minecraft:crafting_table":2,"born_in_chaos_v1:bone_heart":1,"undead_revamp2:luckysack":1,"minecraft:bread":64,"minecraft:air":0,"minecraft:cobblestone":2,"minecraft:stick":100,"minecraft:iron_ingot":43,"minecraft:iron_pickaxe":17,"minecraft:stone_sword":1,"minecraft:acacia_planks":16,"minecraft:torch":76,"ironchest:iron_chest":1},"minecraft:mined":{"luminousworld:groundpebbles_1":12,"minecraft:tuff":81,"minecraft:white_bed":2,"iceandfire:silver_ore":4,"luminousworld:grassvariant_4":2,"born_in_chaos_v1:infected_diamond_ore":1,"minecraft:granite":87,"minecraft:grass_block":2,"iceandfire:lectern":1,"quark:yellow_corundum":4,"luminousworld:grassvariant_2":5,"minecraft:coal_block":16,"luminousworld:groundpebbles_3":9,"minecraft:hay_block":24,"luminousworld:sunset_petunias":1,"minecraft:furnace":6,"minecraft:iron_ore":25,"minecraft:fire":1,"minecraft:acacia_wood":4,"minecraft:andesite":35,"minecraft:target":2,"quark:black_corundum_cluster":4,"minecraft:pointed_dripstone":15,"minecraft:deepslate_iron_ore":16,"iceandfire:gold_pile":1,"luminousworld:groundpebbles_2":1,"minecraft:stone":1363,"iceandfire:podium_spruce":1,"minecraft:deepslate_redstone_ore":3,"minecraft:glass_pane":1,"minecraft:dandelion":6,"minecraft:crafting_table":3,"minecraft:torch":1,"iceandfire:ghost_chest":2,"minecraft:chest":3,"minecraft:copper_ore":3,"minecraft:tall_grass":6,"quark:black_corundum":12,"minecraft:wall_torch":2,"minecraft:diorite":3,"supplementaries:urn":1,"luminousworld:whiteoaklog":8,"minecraft:smooth_stone_slab":1,"minecraft:grass":13,"minecraft:coal_ore":67,"minecraft:oak_log":15,"luminousworld:ishstone":2,"minecraft:gravel":2,"minecraft:sunflower":35,"minecraft:dirt":3,"quark:yellow_corundum_cluster":2,"minecraft:cobweb":6,"luminousworld:grassvariant_3":6,"minecraft:stone_bricks":3,"minecraft:deepslate":485},"minecraft:dropped":{"minecraft:bread":6,"minecraft:iron_sword":2,"iceandfire:raw_silver":1,"minecraft:acacia_wood":1,"luminousworld:sunset_petunias":2,"minecraft:wheat_seeds":3,"minecraft:glass_bottle":1,"alexscaves:burrowing_arrow":1,"minecraft:granite":87,"iceandfire:ectoplasm":3,"minecraft:copper_ingot":2,"minecraft:coal":1,"minecraft:coal_block":2,"minecraft:stick":1,"ecologics:walnut_planks":1,"minecraft:diorite":3,"minecraft:torch":1,"minecraft:iron_leggings":2,"minecraft:chain":1,"minecraft:sunflower":1,"minecraft:acacia_planks":1,"minecraft:dandelion":12,"minecraft:gravel":2,"minecraft:stone_sword":2,"minecraft:raw_copper":10,"minecraft:tuff":64,"minecraft:rotten_flesh":11,"minecraft:iron_boots":1,"sophisticatedbackpacks:backpack":1,"minecraft:potato":7,"minecraft:hay_block":2,"iceandfire:ghost_chest":2,"supplementaries:cartographers_quill":1,"minecraft:skeleton_skull":3,"luminousworld:groundpebbles_1":4,"minecraft:iron_bars":1,"minecraft:bow":1,"minecraft:wooden_pickaxe":1,"minecraft:egg":2},"minecraft:broken":{"minecraft:iron_boots":1,"minecraft:iron_sword":1,"minecraft:iron_helmet":1,"aether:chainmail_gloves":1},"minecraft:killed":{"born_in_chaos_v1:zombie_clown":1,"alexsmobs:hummingbird":2,"endermanoverhaul:flower_fields_enderman":1,"undead_revamp2:thehunter":2,"born_in_chaos_v1:restless_spirit":2,"born_in_chaos_v1:zombie_lumberjack":1,"minecraft:spider":2,"enemyexpansion:direwolf":1,"undead_revamp2:theswarmer":1,"born_in_chaos_v1:maggot":3,"minecraft:skeleton":11,"minecraft:horse":1,"quark:shiba":1,"undead_revamp2:thebidy":1,"born_in_chaos_v1:diamond_termite":1,"born_in_chaos_v1:baby_skeleton":1,"naturalist:butterfly":2,"luminousworld:trout_fish":1,"born_in_chaos_v1:decrepit_skeleton":5,"luminousworld:hairstreak":1,"born_in_chaos_v1:bloody_gadfly":1,"enemyexpansion:meature":2,"minecraft:zombie":5,"iceandfire:ghost":1,"born_in_chaos_v1:dread_hound":3,"born_in_chaos_v1:corpse_fly":4,"born_in_chaos_v1:nightmare_stalker":1},"minecraft:used":{"minecraft:stone_sword":52,"iceandfire:silver_sword":38,"born_in_chaos_v1:intoxicating_decoction":1,"minecraft:chest":3,"minecraft:iron_sword":222,"tombstone:lollipop":1,"minecraft:torch":43,"minecraft:dirt":31,"minecraft:target":2,"ironchest:iron_chest":1,"minecraft:iron_axe":26,"minecraft:chicken_spawn_egg":10,"undead_revamp2:huntereye":1,"minecraft:bow":30,"minecraft:furnace":8,"tombstone:gift":6,"minecraft:cooked_beef":2,"minecraft:acacia_planks":12,"minecraft:iron_leggings":4,"minecraft:cow_spawn_egg":7,"minecraft:sheep_spawn_egg":7,"minecraft:crafting_table":3,"minecraft:white_bed":2,"minecraft:apple":15,"minecraft:iron_pickaxe":189,"minecraft:bread":16,"minecraft:pig_spawn_egg":9,"iceandfire:graveyard_soil":2,"tombstone:magic_scroll":1,"tombstone:grave_key":18,"luminousworld:trout":1,"minecraft:cobblestone":48,"vanillaplustools:iron_hammer":244,"minecraft:cobweb":9},"minecraft:picked_up":{"minecraft:iron_chestplate":1,"luminousworld:groundpebbles_1":22,"minecraft:crafting_table":3,"born_in_chaos_v1:diamond_termite_shard":1,"minecraft:wheat":6,"minecraft:wooden_pickaxe":1,"luminousworld:trout":1,"minecraft:chain":1,"iceandfire:manuscript":14,"minecraft:string":5,"minecraft:raw_copper":10,"minecraft:iron_axe":1,"minecraft:iron_leggings":1,"born_in_chaos_v1:intoxicating_decoction":1,"minecraft:item_frame":1,"iceandfire:graveyard_soil":2,"iceandfire:bestiary":1,"minecraft:gold_nugget":29,"minecraft:cobbled_deepslate":183,"born_in_chaos_v1:gnawed_bones":1,"minecraft:coal_block":16,"minecraft:chest":3,"minecraft:furnace":4,"minecraft:egg":2,"minecraft:stick":1,"minecraft:raw_iron":41,"iceandfire:ghost_chest":2,"born_in_chaos_v1:shattered_skull":1,"minecraft:copper_ingot":2,"minecraft:torch":2,"quark:yellow_corundum_cluster":9,"sophisticatedbackpacks:backpack":1,"minecraft:target":2,"minecraft:pointed_dripstone":11,"tombstone:grave_dust":5,"minecraft:diorite":3,"born_in_chaos_v1:nightmare_claw":1,"quark:yellow_corundum":3,"tombstone:lollipop":1,"iceandfire:silver_ingot":1,"minecraft:stone_sword":1,"minecraft:arrow":11,"minecraft:rotten_flesh":28,"aether:chainmail_gloves":1,"minecraft:hay_block":24,"minecraft:gold_ingot":3,"minecraft:skeleton_skull":3,"minecraft:cobblestone":1169,"born_in_chaos_v1:fused_bone":2,"minecraft:pink_petals":11,"born_in_chaos_v1:corpse_maggot":14,"minecraft:cooked_beef":1,"born_in_chaos_v1:monster_flesh":2,"minecraft:andesite":2,"minecraft:leather":2,"minecraft:acacia_wood":5,"quark:black_corundum_cluster":24,"minecraft:tuff":63,"minecraft:oak_log":15,"undead_revamp2:huntereye":2,"iceandfire:ectoplasm":6,"minecraft:dirt":84,"born_in_chaos_v1:monster_skin":7,"minecraft:bone":23,"supplementaries:cartographers_quill":1,"minecraft:acacia_planks":1,"minecraft:stone_bricks":1,"minecraft:bow":2,"minecraft:wheat_seeds":3,"minecraft:iron_ingot":12,"minecraft:cobweb":6,"minecraft:iron_sword":4,"quark:black_corundum":12,"iceandfire:podium_spruce":1,"born_in_chaos_v1:ethereal_spirit":5,"minecraft:dandelion":11,"minecraft:gravel":2,"luminousworld:sunset_petunias":2,"minecraft:white_bed":2,"minecraft:spider_eye":2,"luminousworld:whiteoaklog":8,"minecraft:bundle":1,"minecraft:iron_hoe":1,"iceandfire:lectern":1,"iceandfire:silver_sword":2,"minecraft:chainmail_leggings":1,"minecraft:iron_helmet":1,"minecraft:granite":87,"minecraft:emerald":1,"tombstone:magic_scroll":2,"minecraft:sunflower":31,"minecraft:coal":66,"iceandfire:raw_silver":4,"minecraft:ender_pearl":1}},"DataVersion":3465}