{"stats":{"minecraft:picked_up":{"minecraft:chainmail_boots":1,"minecraft:iron_chestplate":1,"minecraft:wheat":7,"minecraft:redstone_block":2,"minecraft:flower_pot":1,"aether:iron_gloves":1,"minecraft:enchanted_book":2,"minecraft:lapis_block":1,"iceandfire:manuscript":19,"minecraft:string":15,"minecraft:raw_copper":10,"minecraft:iron_leggings":1,"minecraft:gold_nugget":54,"minecraft:cobbled_deepslate":186,"minecraft:bucket":1,"securitycraft:keycard_lv1":3,"minecraft:iron_pickaxe":1,"minecraft:coal_block":16,"minecraft:furnace":4,"minecraft:iron_boots":1,"minecraft:stick":1,"iceandfire:ghost_chest":3,"born_in_chaos_v1:shattered_skull":3,"minecraft:torch":48,"quark:yellow_corundum_cluster":9,"minecraft:porkchop":6,"minecraft:target":2,"aether:golden_gloves":1,"minecraft:diorite":3,"minecraft:pointed_dripstone":11,"tombstone:grave_dust":19,"born_in_chaos_v1:nightmare_claw":2,"supplementaries:flax":7,"minecraft:rabbit_foot":1,"tombstone:lollipop":3,"minecraft:stone_sword":1,"minecraft:rotten_flesh":54,"aether:chainmail_gloves":1,"supplementaries:ash":23,"minecraft:cobblestone":1555,"minecraft:pink_petals":11,"minecraft:feather":2,"minecraft:cooked_beef":1,"twilightforest:twilight_oak_log":8,"minecraft:andesite":2,"minecraft:brown_wool":3,"minecraft:potato":5,"quark:black_corundum_cluster":24,"alexscaves:cave_book":1,"minecraft:tuff":63,"supplementaries:flax_seeds":11,"undead_revamp2:huntereye":2,"minecraft:lapis_lazuli":20,"minecraft:dirt":97,"supplementaries:doormat":1,"born_in_chaos_v1:monster_skin":10,"securitycraft:reinforced_stone_button":22,"minecraft:bone":67,"supplementaries:cartographers_quill":1,"minecraft:acacia_planks":1,"minecraft:bow":2,"minecraft:wheat_seeds":62,"minecraft:oak_planks":1,"iceandfire:podium_spruce":2,"earthmobsmod:harder_flesh":2,"twilightforest:canopy_slab":1,"minecraft:sand":22,"minecraft:dead_bush":1,"minecraft:mossy_cobblestone":1,"minecraft:bundle":1,"minecraft:iron_hoe":1,"minecraft:polished_andesite":2,"minecraft:diamond":1,"iceandfire:lectern":1,"minecraft:granite":87,"minecraft:chainmail_helmet":1,"minecraft:emerald":4,"minecraft:bricks":2,"twilightforest:torchberries":32,"iceandfire:raw_silver":4,"born_in_chaos_v1:diamond_termite_shard":3,"minecraft:mud":1,"luminousworld:groundpebbles_1":22,"minecraft:crafting_table":3,"minecraft:chicken":2,"born_in_chaos_v1:seedof_chaos":1,"minecraft:wooden_pickaxe":1,"luminousworld:trout":1,"minecraft:chain":3,"minecraft:cornflower":2,"minecraft:iron_axe":2,"born_in_chaos_v1:intoxicating_decoction":5,"minecraft:item_frame":1,"iceandfire:graveyard_soil":2,"iceandfire:bestiary":3,"minecraft:candle":1,"born_in_chaos_v1:gnawed_bones":2,"minecraft:poppy":13,"minecraft:chest":3,"minecraft:egg":2,"minecraft:raw_iron":62,"minecraft:stone":1,"minecraft:copper_ingot":2,"sophisticatedbackpacks:backpack":1,"minecraft:stone_button":22,"born_in_chaos_v1:pieceofdarkmetal":3,"minecraft:carrot":12,"minecraft:tnt":4,"quark:yellow_corundum":3,"iceandfire:silver_ingot":4,"minecraft:arrow":11,"minecraft:golden_hoe":3,"minecraft:hay_block":24,"alexscaves:spelunkery_table":1,"born_in_chaos_v1:dark_ritual_dagger":2,"minecraft:gold_ingot":4,"minecraft:mutton":5,"minecraft:skeleton_skull":4,"born_in_chaos_v1:fused_bone":2,"born_in_chaos_v1:corpse_maggot":26,"born_in_chaos_v1:monster_flesh":2,"minecraft:leather":9,"minecraft:acacia_wood":5,"minecraft:oak_log":207,"iceandfire:ectoplasm":6,"minecraft:gunpowder":3,"tombstone:gift":1,"twilightforest:raw_venison":12,"minecraft:stone_bricks":1,"minecraft:rabbit_hide":2,"minecraft:iron_ingot":15,"minecraft:cobweb":6,"securitycraft:universal_block_reinforcer_lvl1":1,"luminousworld:auburn_door":1,"tombstone:bag_of_seeds":1,"minecraft:iron_sword":4,"quark:black_corundum":12,"born_in_chaos_v1:ethereal_spirit":6,"minecraft:dandelion":16,"luminousworld:sunset_petunias":3,"minecraft:gravel":2,"born_in_chaos_v1:dark_rod":1,"minecraft:white_bed":2,"minecraft:spider_eye":2,"luminousworld:whiteoaklog":8,"iceandfire:silver_sword":3,"minecraft:chainmail_leggings":1,"minecraft:iron_helmet":1,"minecraft:oak_button":2,"tombstone:magic_scroll":4,"minecraft:coal":103,"minecraft:sunflower":33,"minecraft:ender_pearl":2},"minecraft:dropped":{"securitycraft:reinforced_stone_button":22,"minecraft:iron_sword":3,"iceandfire:raw_silver":1,"minecraft:acacia_wood":1,"minecraft:candle":1,"minecraft:porkchop":6,"minecraft:oak_log":192,"born_in_chaos_v1:fried_maggot":2,"minecraft:glass_bottle":5,"minecraft:diamond":1,"alexscaves:burrowing_arrow":1,"iceandfire:ectoplasm":3,"ecologics:walnut_planks":1,"minecraft:dirt":12,"minecraft:cornflower":2,"minecraft:mutton":5,"minecraft:chain":1,"supplementaries:flax":5,"minecraft:sunflower":3,"minecraft:sand":21,"minecraft:iron_pickaxe":2,"minecraft:gold_ingot":13,"minecraft:gravel":2,"luminousworld:white_oak_plank":22,"minecraft:cobbled_deepslate":3,"minecraft:wheat":1,"born_in_chaos_v1:ethereal_spirit":1,"tombstone:gift":1,"minecraft:rotten_flesh":27,"minecraft:oak_planks":5,"supplementaries:flax_seeds":1,"iceandfire:ghost_chest":2,"supplementaries:cartographers_quill":1,"minecraft:gunpowder":7,"minecraft:brick_stairs":1,"minecraft:skeleton_skull":3,"minecraft:leather_boots":1,"born_in_chaos_v1:diamond_termite_shard":2,"iceandfire:bestiary":2,"minecraft:iron_bars":1,"iceandfire:manuscript":39,"minecraft:egg":2,"minecraft:iron_ingot":32,"minecraft:enchanted_book":1,"minecraft:bread":6,"twilightforest:canopy_slab":1,"luminousworld:sunset_petunias":2,"minecraft:wheat_seeds":56,"minecraft:feather":2,"minecraft:granite":87,"minecraft:copper_ingot":2,"minecraft:coal":1,"minecraft:coal_block":2,"minecraft:polished_andesite":2,"minecraft:stick":40,"minecraft:diorite":3,"minecraft:torch":9,"securitycraft:keycard_lv1":2,"minecraft:brown_wool":3,"tombstone:grave_dust":8,"minecraft:dead_bush":1,"minecraft:iron_leggings":2,"minecraft:golden_hoe":3,"minecraft:iron_axe":1,"minecraft:mud":1,"minecraft:string":5,"minecraft:acacia_planks":1,"minecraft:dandelion":14,"minecraft:stone_sword":2,"minecraft:raw_copper":10,"minecraft:tuff":64,"minecraft:raw_iron":1,"minecraft:chicken":2,"minecraft:iron_boots":1,"sophisticatedbackpacks:backpack":1,"earthmobsmod:harder_flesh":2,"minecraft:potato":14,"minecraft:hay_block":2,"minecraft:flower_pot":1,"luminousworld:groundpebbles_1":4,"minecraft:bow":2,"minecraft:wooden_pickaxe":1,"securitycraft:universal_block_reinforcer_lvl1":1},"minecraft:crafted":{"minecraft:oak_planks":60,"born_in_chaos_v1:dark_ritual_dagger":1,"vanillaplustools:iron_hammer":2,"minecraft:chest":1,"minecraft:oak_button":1,"minecraft:emerald":15,"minecraft:crafting_table":2,"minecraft:stick":160,"minecraft:iron_ingot":61,"minecraft:iron_pickaxe":17,"minecraft:stone_sword":1,"minecraft:coal":126,"minecraft:leather_boots":1,"minecraft:furnace":4,"supplementaries:doormat":1,"minecraft:bone_meal":42,"minecraft:leather":8,"born_in_chaos_v1:bone_handle":1,"twilightforest:twilight_oak_planks":32,"born_in_chaos_v1:fried_maggot":3,"luminousworld:white_oak_plank":32,"minecraft:wheat":192,"minecraft:cooked_beef":8,"minecraft:bucket":1,"born_in_chaos_v1:bone_heart":1,"undead_revamp2:luckysack":1,"minecraft:bread":64,"minecraft:air":0,"minecraft:cobblestone":2,"minecraft:acacia_planks":16,"minecraft:torch":300,"ironchest:iron_chest":1},"minecraft:custom":{"minecraft:interact_with_crafting_table":23,"minecraft:open_barrel":12,"minecraft:eat_cake_slice":4,"minecraft:leave_game":4,"minecraft:time_since_death":2913,"minecraft:damage_resisted":38,"minecraft:sprint_one_cm":1184533,"minecraft:drop":182,"tombstone:eaten_lollipop":3,"minecraft:talked_to_villager":16,"minecraft:play_time":344769,"minecraft:deaths":60,"minecraft:jump":4344,"minecraft:interact_with_brewingstand":1,"minecraft:walk_on_water_one_cm":24319,"minecraft:interact_with_furnace":35,"minecraft:traded_with_villager":15,"minecraft:interact_with_loom":2,"minecraft:sleep_in_bed":11,"tombstone:sneak_grave":1,"minecraft:damage_dealt":38041,"minecraft:player_kills":2,"minecraft:crouch_one_cm":22868,"tombstone:undead_killed":88,"minecraft:mob_kills":167,"minecraft:damage_dealt_resisted":1688,"minecraft:climb_one_cm":12097,"minecraft:walk_one_cm":1121012,"twilightforest:keeping_charms_activated":1,"minecraft:sneak_time":9237,"minecraft:walk_under_water_one_cm":66666,"minecraft:total_world_time":344769,"tombstone:raider_killed":1,"minecraft:time_since_rest":2576,"minecraft:damage_taken":19729,"minecraft:trigger_trapped_chest":1,"tombstone:cast_on_ally":1,"minecraft:swim_one_cm":453720,"minecraft:fly_one_cm":1501977,"minecraft:open_chest":140,"minecraft:fall_one_cm":218344},"minecraft:mined":{"luminousworld:white_petunias":1,"minecraft:white_bed":2,"minecraft:potted_dead_bush":1,"minecraft:granite":87,"minecraft:grass_block":15,"iceandfire:lectern":1,"quark:yellow_corundum":4,"minecraft:coal_block":16,"minecraft:spawner":1,"minecraft:iron_ore":40,"minecraft:fire":8,"minecraft:target":2,"minecraft:deepslate_lapis_ore":3,"minecraft:azure_bluet":1,"quark:black_corundum_cluster":4,"minecraft:pointed_dripstone":17,"iceandfire:gold_pile":1,"minecraft:iron_bars":2,"minecraft:deepslate_redstone_ore":3,"twilightforest:torchberry_plant":2,"minecraft:torch":1,"twilightforest:twilight_oak_log":8,"minecraft:poppy":13,"iceandfire:ghost_chest":3,"minecraft:chest":3,"minecraft:cobblestone":18,"minecraft:bricks":2,"minecraft:wall_torch":3,"minecraft:mud":1,"minecraft:lapis_block":1,"minecraft:wheat":3,"minecraft:tnt":4,"minecraft:smooth_stone_slab":1,"minecraft:grass":38,"minecraft:oak_log":79,"minecraft:sand":23,"minecraft:dirt":4,"luminousworld:grassvariant_3":12,"quark:yellow_corundum_cluster":2,"minecraft:oak_leaves":6,"minecraft:deepslate":485,"alexscaves:spelunkery_table":1,"luminousworld:groundpebbles_1":12,"minecraft:tuff":81,"iceandfire:silver_ore":6,"minecraft:mossy_cobblestone":1,"luminousworld:grassvariant_4":4,"born_in_chaos_v1:infected_diamond_ore":2,"minecraft:brick_stairs":1,"luminousworld:grassvariant_2":12,"born_in_chaos_v1:gnawed_bones":1,"luminousworld:groundpebbles_3":9,"minecraft:hay_block":24,"luminousworld:sunset_petunias":1,"minecraft:furnace":6,"luminousworld:yellow_grassflowers":1,"supplementaries:flax":1,"minecraft:acacia_wood":4,"minecraft:andesite":37,"minecraft:potatoes":1,"minecraft:deepslate_iron_ore":22,"twilightforest:canopy_slab":1,"luminousworld:groundpebbles_2":1,"minecraft:stone":2505,"iceandfire:podium_spruce":2,"minecraft:redstone_block":2,"minecraft:glass_pane":1,"minecraft:dandelion":10,"minecraft:crafting_table":3,"minecraft:cornflower":2,"luminousworld:auburnlog":2,"minecraft:tall_grass":16,"minecraft:copper_ore":6,"twilightforest:mayapple":1,"quark:black_corundum":12,"minecraft:diorite":3,"supplementaries:urn":20,"luminousworld:whiteoaklog":8,"supplementaries:doormat":1,"minecraft:coal_ore":103,"luminousworld:ishstone":2,"minecraft:sunflower":38,"minecraft:gravel":2,"minecraft:dripstone_block":2,"minecraft:cobweb":9,"minecraft:cracked_stone_bricks":2,"minecraft:oak_button":2,"minecraft:polished_andesite":2,"minecraft:stone_bricks":3},"minecraft:broken":{"aether:golden_gloves":1,"minecraft:iron_boots":1,"minecraft:iron_chestplate":1,"minecraft:iron_leggings":1,"iceandfire:silver_sword":1,"minecraft:iron_sword":1,"aether:chainmail_gloves":1,"minecraft:iron_helmet":1},"minecraft:killed_by":{"undead_revamp2:the_moonflower":5,"twilightforest:skeleton_druid":4,"born_in_chaos_v1:nightmare_stalker":2,"luminousworld:miner_zombie":2,"minecraft:creeper":1,"enemyexpansion:huntsman":1,"earthmobsmod:bouldering_zombie":1,"minecraft:zombie":1,"minecraft:player":1,"minecraft:stray":1,"undead_revamp2:thesomnolence":1,"enemyexpansion:equestrian":1,"quark:toretoise":1,"undead_revamp2:thehunter":6,"born_in_chaos_v1:bonescaller":1,"born_in_chaos_v1:decrepit_skeleton":1,"minecraft:skeleton":19,"enemyexpansion:direwolf":1,"iceandfire:ghost":1,"born_in_chaos_v1:dread_hound":2},"minecraft:killed":{"born_in_chaos_v1:zombie_clown":3,"luminousworld:miner_zombie":2,"alexsmobs:hummingbird":2,"born_in_chaos_v1:mr_pumpkin":1,"earthmobsmod:jumbo_rabbit":1,"born_in_chaos_v1:restless_spirit":2,"born_in_chaos_v1:zombie_lumberjack":1,"minecraft:spider":6,"born_in_chaos_v1:baby_skeleton_minion":4,"undead_revamp2:theswarmer":1,"minecraft:skeleton":11,"quark:shiba":1,"undead_revamp2:crackleball":2,"born_in_chaos_v1:bonescaller":1,"born_in_chaos_v1:diamond_termite":3,"undead_revamp2:thebeartamer":1,"luminousworld:trout_fish":1,"minecraft:creeper":2,"twilightforest:skeleton_druid":27,"enemyexpansion:meature":3,"minecraft:zombie":9,"born_in_chaos_v1:dread_hound":3,"born_in_chaos_v1:corpse_fly":9,"endermanoverhaul:flower_fields_enderman":1,"undead_revamp2:thehunter":2,"enemyexpansion:intruder":1,"enemyexpansion:direwolf":4,"born_in_chaos_v1:zombie_bruiser":1,"born_in_chaos_v1:maggot":14,"minecraft:phantom":1,"minecraft:horse":1,"undead_revamp2:thebidy":1,"undead_revamp2:sucker":1,"mowziesmobs:baby_foliaath":1,"earthmobsmod:bouldering_zombie":1,"born_in_chaos_v1:baby_skeleton":4,"naturalist:butterfly":2,"undead_revamp2:the_moonflower":4,"enemyexpansion:sprinter":1,"born_in_chaos_v1:decrepit_skeleton":8,"luminousworld:hairstreak":1,"born_in_chaos_v1:bloody_gadfly":1,"endermanoverhaul:cave_enderman":2,"iceandfire:ghost":1,"born_in_chaos_v1:dark_vortex":1,"born_in_chaos_v1:nightmare_stalker":2},"minecraft:used":{"iceandfire:lectern":1,"minecraft:poppy":13,"born_in_chaos_v1:intoxicating_decoction":5,"minecraft:chest":3,"minecraft:iron_sword":222,"tombstone:lollipop":3,"ironchest:iron_chest":1,"minecraft:lava_bucket":6,"minecraft:bricks":2,"iceandfire:ghost_chest":1,"minecraft:bow":30,"minecraft:furnace":8,"mowziesmobs:foliaath_seed":4,"minecraft:cow_spawn_egg":7,"minecraft:ender_pearl":1,"minecraft:chainmail_helmet":1,"minecraft:diamond_axe":44,"iceandfire:podium_spruce":1,"minecraft:sand":1,"alexscaves:cave_book":1,"minecraft:pumpkin_seeds":1,"minecraft:bread":54,"tombstone:grave_key":32,"supplementaries:flax_seeds":3,"minecraft:bone_meal":17,"minecraft:cobweb":9,"born_in_chaos_v1:dark_ritual_dagger":176,"minecraft:stone_sword":52,"iceandfire:silver_sword":396,"twilightforest:torchberries":7,"born_in_chaos_v1:fried_maggot":1,"minecraft:cooked_chicken":1,"minecraft:torch":171,"minecraft:dirt":31,"minecraft:target":2,"supplementaries:doormat":2,"minecraft:iron_hoe":6,"minecraft:iron_axe":112,"minecraft:chicken_spawn_egg":10,"undead_revamp2:huntereye":1,"alexscaves:spelunkery_table":1,"luminousworld:auburn_door":1,"tombstone:gift":11,"minecraft:cooked_beef":2,"minecraft:acacia_planks":12,"minecraft:iron_leggings":4,"minecraft:water_bucket":9,"minecraft:sheep_spawn_egg":7,"minecraft:leather_boots":1,"minecraft:mossy_cobblestone":1,"minecraft:tnt":2,"minecraft:crafting_table":3,"minecraft:white_bed":2,"tombstone:bag_of_seeds":2,"minecraft:apple":16,"minecraft:iron_pickaxe":255,"minecraft:oak_button":3,"minecraft:pig_spawn_egg":9,"iceandfire:graveyard_soil":2,"tombstone:magic_scroll":1,"luminousworld:trout":1,"minecraft:cobblestone":51,"vanillaplustools:iron_hammer":382,"minecraft:bucket":15,"alexsmobs:animal_dictionary":3}},"DataVersion":3465}