{"stats":{"minecraft:custom":{"minecraft:jump":199,"minecraft:time_since_rest":23889,"minecraft:leave_game":1,"minecraft:damage_dealt":1769,"minecraft:crouch_one_cm":854,"minecraft:sprint_one_cm":32550,"minecraft:play_time":23889,"tombstone:undead_killed":2,"minecraft:time_since_death":23889,"minecraft:walk_one_cm":50824,"minecraft:sneak_time":249,"minecraft:total_world_time":23889,"minecraft:mob_kills":4,"minecraft:fly_one_cm":52634},"minecraft:picked_up":{"minecraft:iron_hoe":2,"minecraft:iron_pickaxe":1,"tombstone:grave_dust":2,"minecraft:spider_eye":1},"minecraft:killed":{"luminousworld:dark_oak_zombie":1,"luminousworld:dark_oak_skeleton":1,"minecraft:spider":2}},"DataVersion":3465}