{"stats":{"minecraft:killed_by":{"undead_revamp2:sucker":1,"born_in_chaos_v1:restless_spirit":1},"minecraft:dropped":{"minecraft:chicken":1,"minecraft:stone_pickaxe":1},"minecraft:crafted":{"minecraft:cobblestone_slab":6,"quark:birch_chest":8,"minecraft:crafting_table":1,"minecraft:baked_potato":31,"minecraft:birch_planks":4,"minecraft:stone_axe":1,"minecraft:hopper":4,"quark:oak_chest":4,"minecraft:iron_ingot":18,"minecraft:stone_pickaxe":1,"minecraft:chest":3,"minecraft:iron_shovel":1},"minecraft:custom":{"minecraft:interact_with_furnace":13,"minecraft:mob_kills":3,"minecraft:interact_with_crafting_table":15,"minecraft:time_since_death":1965,"minecraft:climb_one_cm":2284,"minecraft:time_since_rest":1669,"minecraft:sprint_one_cm":24780,"minecraft:damage_taken":996,"minecraft:walk_one_cm":71922,"minecraft:drop":2,"minecraft:damage_dealt":392,"minecraft:fly_one_cm":19069,"minecraft:open_chest":94,"minecraft:crouch_one_cm":14720,"minecraft:play_time":38578,"minecraft:deaths":2,"minecraft:sneak_time":3643,"minecraft:jump":239,"minecraft:interact_with_blast_furnace":6,"minecraft:total_world_time":38578,"minecraft:fall_one_cm":5508},"minecraft:mined":{"luminousworld:white_petunias":2,"quark:oak_chest":1,"luminousworld:grassvariant_4":1,"luminousworld:blue_petunias":1,"minecraft:grass_block":5,"minecraft:cobblestone":23,"luminousworld:sunset_petunias":1,"minecraft:grass":4,"quark:birch_chest":1,"minecraft:potatoes":7,"luminousworld:groundpebbles_2":3},"minecraft:killed":{"alexsmobs:raccoon":1,"minecraft:spider":1,"minecraft:chicken":1},"minecraft:used":{"quark:birch_chest":5,"minecraft:iron_shovel":5,"minecraft:stone_pickaxe":23,"minecraft:baked_potato":5,"minecraft:chest":2,"minecraft:cobblestone_slab":4,"minecraft:crafting_table":1,"minecraft:hopper":4,"minecraft:stone_axe":17,"minecraft:cobblestone":380,"alexsmobs:animal_dictionary":1,"minecraft:potato":7},"minecraft:picked_up":{"luminousworld:groundpebbles_1":8,"born_in_chaos_v1:corpse_maggot":1,"minecraft:crafting_table":2,"minecraft:iron_chestplate":1,"minecraft:chicken":2,"born_in_chaos_v1:monster_flesh":1,"minecraft:iron_door":1,"minecraft:potato":26,"minecraft:diamond_horse_armor":1,"minecraft:enchanted_book":1,"quark:black_corundum_cluster":24,"minecraft:dirt":5,"minecraft:string":2,"minecraft:glass_pane":12,"minecraft:wheat_seeds":17,"minecraft:iron_ingot":8,"minecraft:stone_pickaxe":1,"minecraft:cobweb":4,"minecraft:iron_pickaxe":1,"luminousworld:white_petunias":1,"luminousworld:blue_petunias":1,"born_in_chaos_v1:ethereal_spirit":1,"minecraft:dandelion":3,"luminousworld:sunset_petunias":1,"minecraft:porkchop":3,"quark:birch_chest":1,"tombstone:grave_dust":2,"minecraft:redstone":6,"quark:oak_chest":1,"iceandfire:silver_ingot":1,"minecraft:rotten_flesh":18,"luminousworld:yellow_grassflowers":1,"iceandfire:lectern":1,"luminousworld:yellowpetunias":1,"minecraft:bread":22,"minecraft:oak_button":1,"minecraft:oak_sapling":2,"minecraft:skeleton_skull":1,"minecraft:cobblestone":51,"minecraft:oxeye_daisy":2}},"DataVersion":3465}