{"stats":{"minecraft:killed_by":{"enemyexpansion:huntsman":1,"minecraft:skeleton":1,"born_in_chaos_v1:dread_hound":1},"minecraft:custom":{"minecraft:animals_bred":1,"minecraft:interact_with_crafting_table":60,"minecraft:open_barrel":2,"minecraft:eat_cake_slice":2,"minecraft:leave_game":1,"minecraft:time_since_death":193385,"minecraft:sprint_one_cm":206585,"minecraft:drop":88,"minecraft:talked_to_villager":5,"minecraft:play_time":253385,"minecraft:deaths":3,"minecraft:jump":1875,"minecraft:walk_on_water_one_cm":782,"minecraft:interact_with_furnace":45,"minecraft:interact_with_cartography_table":1,"minecraft:interact_with_loom":2,"minecraft:sleep_in_bed":8,"minecraft:damage_dealt":4606,"minecraft:crouch_one_cm":17862,"tombstone:undead_killed":12,"minecraft:horse_one_cm":7907,"minecraft:mob_kills":26,"minecraft:damage_dealt_resisted":112,"minecraft:climb_one_cm":16893,"minecraft:walk_one_cm":799716,"minecraft:sneak_time":6146,"minecraft:walk_under_water_one_cm":509,"minecraft:total_world_time":253385,"minecraft:time_since_rest":10149,"minecraft:damage_taken":2676,"minecraft:swim_one_cm":5896,"minecraft:fly_one_cm":330691,"minecraft:open_chest":244,"minecraft:fall_one_cm":42034},"minecraft:crafted":{"minecraft:oak_planks":304,"minecraft:cobblestone_slab":6,"quark:birch_chest":2,"securitycraft:keycard_reader":1,"ecologics:walnut_planks":16,"quark:birch_ladder":4,"minecraft:stone":64,"securitycraft:keypad_item":1,"minecraft:heavy_weighted_pressure_plate":1,"minecraft:iron_bars":16,"securitycraft:laser_block":1,"securitycraft:keycard_lv1":5,"minecraft:glass":21,"minecraft:hopper":1,"vanillaplustools:iron_hammer":1,"minecraft:chest":2,"minecraft:iron_door":3,"sophisticatedbackpacks:backpack":1,"minecraft:crafting_table":2,"minecraft:copper_ingot":81,"minecraft:birch_planks":24,"minecraft:stick":72,"quark:oak_chest":26,"minecraft:iron_ingot":56,"minecraft:iron_pickaxe":8,"minecraft:gold_ingot":3,"securitycraft:limited_use_keycard":1,"securitycraft:sc_manual":1,"securitycraft:universal_block_reinforcer_lvl1":1,"minecraft:wooden_sword":1,"minecraft:stone_shovel":5,"minecraft:coal":27,"minecraft:tripwire_hook":2,"minecraft:furnace":1,"minecraft:stone_button":22,"minecraft:glass_pane":16,"securitycraft:keycard_lock":1,"luminousworld:white_oak_plank":44,"minecraft:stone_pickaxe":2,"minecraft:wheat":54,"luminousworld:autumnplank":56,"luminousworld:auburn_door":3,"minecraft:stone_axe":2,"minecraft:bread":35,"minecraft:air":0,"minecraft:jungle_planks":4,"securitycraft:door_indestructible_iron_item":2,"minecraft:wooden_axe":1,"minecraft:acacia_planks":8,"minecraft:torch":112,"minecraft:trapped_chest":2},"minecraft:dropped":{"minecraft:iron_sword":1,"luminousworld:yellowpetunias":2,"minecraft:diamond":2,"minecraft:item_frame":6,"minecraft:dirt":65,"minecraft:stone_button":22,"iceandfire:pixie_jar_empty":1,"minecraft:cornflower":5,"minecraft:gold_ingot":4,"minecraft:armor_stand":1,"undead_revamp2:huntereye":1,"born_in_chaos_v1:ethereal_spirit":3,"minecraft:rotten_flesh":7,"minecraft:oak_planks":2,"minecraft:azure_bluet":10,"luminousworld:grassflowers":3,"iceandfire:bestiary":2,"minecraft:scaffolding":1,"minecraft:enchanted_book":1,"minecraft:iron_ingot":15,"luminousworld:sunset_petunias":1,"minecraft:mossy_cobblestone":1,"minecraft:iron_helmet":4,"minecraft:cobblestone":1,"minecraft:torch":3,"securitycraft:keycard_lv1":4,"minecraft:iron_leggings":4,"minecraft:iron_axe":1,"minecraft:dandelion":6,"minecraft:sticky_piston":4,"minecraft:iron_boots":4,"sophisticatedbackpacks:backpack":1,"luminousworld:yellow_grassflowers":1,"minecraft:iron_chestplate":4,"minecraft:brown_carpet":2,"minecraft:wooden_pickaxe":1,"securitycraft:universal_block_reinforcer_lvl1":1},"minecraft:mined":{"luminousworld:white_petunias":2,"luminousworld:yellowpetunias":3,"iceandfire:copper_pile":4,"luminousworld:autumnleaves":1,"placeablesmod:cooked_beef_block":1,"minecraft:cobblestone_stairs":2,"minecraft:grass_block":349,"minecraft:yellow_carpet":1,"iceandfire:lectern":1,"minecraft:coal_block":18,"minecraft:oxeye_daisy":4,"minecraft:sticky_piston":1,"minecraft:iron_ore":17,"minecraft:azure_bluet":6,"iceandfire:gold_pile":6,"ecologics:walnut_log":4,"minecraft:iron_block":2,"minecraft:piston_head":3,"minecraft:torch":11,"minecraft:blast_furnace":2,"minecraft:chest":3,"minecraft:cobblestone":168,"minecraft:oak_planks":148,"placeablesmod:bread_full_block":2,"minecraft:wall_torch":10,"minecraft:chain":1,"minecraft:repeater":9,"minecraft:birch_log":29,"minecraft:wheat":82,"minecraft:stone_brick_stairs":2,"minecraft:grass":156,"quark:birch_chest":2,"minecraft:oak_log":74,"minecraft:dirt":238,"luminousworld:grassvariant_3":33,"minecraft:oak_leaves":15,"minecraft:daylight_detector":4,"alexscaves:spelunkery_table":1,"luminousworld:groundpebbles_1":2,"minecraft:mossy_cobblestone":1,"luminousworld:grassvariant_4":1,"luminousworld:blue_petunias":2,"minecraft:redstone_wire":8,"luminousworld:grassvariant_2":46,"luminousworld:white_oak_plank":1,"luminousworld:groundpebbles_3":3,"minecraft:hay_block":23,"luminousworld:sunset_petunias":5,"minecraft:carrots":1,"minecraft:furnace":6,"luminousworld:yellow_grassflowers":2,"minecraft:acacia_wood":1,"minecraft:bookshelf":7,"minecraft:potatoes":4,"minecraft:lantern":2,"ironchest:iron_chest":1,"minecraft:stone":1767,"iceandfire:podium_spruce":2,"iceandfire:pixie_jar_empty":1,"minecraft:smithing_table":2,"minecraft:oak_slab":1,"minecraft:scaffolding":1,"minecraft:redstone_block":1,"minecraft:glass_pane":1,"minecraft:comparator":1,"quark:oak_chest":2,"minecraft:dandelion":45,"minecraft:crafting_table":2,"minecraft:cornflower":10,"minecraft:campfire":7,"luminousworld:auburnlog":14,"minecraft:tall_grass":6,"minecraft:copper_ore":27,"luminousworld:whiteoaklog":11,"luminousworld:auburn_door":1,"minecraft:coal_ore":92,"iceandfire:silver_pile":6,"minecraft:gravel":30,"minecraft:dripstone_block":4,"minecraft:cobweb":62,"minecraft:stone_bricks":32},"minecraft:broken":{"minecraft:stone_shovel":4,"minecraft:iron_axe":1,"minecraft:iron_pickaxe":2},"minecraft:killed":{"born_in_chaos_v1:zombie_clown":1,"born_in_chaos_v1:restless_spirit":4,"born_in_chaos_v1:skeleton_demoman":1,"born_in_chaos_v1:siamese_skeletonsright":1,"minecraft:skeleton":1,"minecraft:creeper":1,"minecraft:zombie":1,"born_in_chaos_v1:corpse_fly":1,"minecraft:cow":5,"born_in_chaos_v1:siamese_skeletonsleft":1,"undead_revamp2:thehunter":1,"born_in_chaos_v1:zombie_bruiser":1,"mowziesmobs:baby_foliaath":1,"undead_revamp2:the_moonflower":1,"born_in_chaos_v1:decrepit_skeleton":1,"enemyexpansion:huntsman":1,"alexsmobs:crow":1,"enemyexpansion:slugger":1},"minecraft:used":{"born_in_chaos_v1:intoxicating_decoction":1,"minecraft:iron_sword":282,"minecraft:iron_chestplate":1,"securitycraft:keypad_item":1,"minecraft:carrot":4,"quark:birch_ladder":4,"minecraft:iron_helmet":1,"minecraft:stone_bricks":14,"minecraft:item_frame":2,"minecraft:bow":26,"minecraft:hay_block":1,"minecraft:furnace":2,"securitycraft:door_indestructible_iron_item":2,"minecraft:stone_pickaxe":73,"minecraft:oak_planks":223,"minecraft:blast_furnace":1,"securitycraft:keycard_lock":1,"minecraft:bread":30,"tombstone:grave_key":4,"minecraft:coal_block":13,"minecraft:wooden_sword":31,"minecraft:chain":1,"quark:birch_chest":2,"born_in_chaos_v1:ethereal_spirit":12,"minecraft:armor_stand":4,"minecraft:stone_shovel":595,"minecraft:torch":99,"minecraft:dirt":324,"securitycraft:keycard_reader":1,"minecraft:iron_axe":150,"luminousworld:auburn_door":1,"ecologics:walnut":4,"tombstone:gift":6,"minecraft:cooked_beef":6,"luminousworld:white_oak_plank":1,"ecologics:walnut_sapling":6,"minecraft:crafting_table":3,"minecraft:oak_slab":1,"tombstone:bag_of_seeds":2,"minecraft:cornflower":1,"minecraft:iron_pickaxe":572,"minecraft:stone_axe":162,"minecraft:cobblestone":846,"vanillaplustools:iron_hammer":221,"quark:oak_chest":23},"minecraft:picked_up":{"minecraft:iron_chestplate":14,"minecraft:wheat":81,"minecraft:redstone_block":1,"minecraft:smithing_table":2,"minecraft:enchanted_book":1,"minecraft:stone_brick_stairs":2,"securitycraft:reinforced_cobblestone_slab":6,"iceandfire:manuscript":28,"minecraft:string":62,"minecraft:raw_copper":89,"minecraft:iron_leggings":16,"minecraft:armor_stand":13,"minecraft:sticky_piston":8,"minecraft:gold_nugget":36,"minecraft:comparator":1,"securitycraft:keycard_lv1":2,"minecraft:iron_pickaxe":1,"minecraft:coal_block":20,"minecraft:furnace":6,"minecraft:iron_boots":16,"minecraft:stick":49,"luminousworld:auburnlog":14,"ecologics:walnut_log":4,"minecraft:torch":40,"minecraft:acacia_log":2,"tombstone:grave_dust":4,"minecraft:brown_carpet":2,"luminousworld:grassflowers":3,"born_in_chaos_v1:fried_maggot":2,"minecraft:rotten_flesh":26,"luminousworld:yellow_grassflowers":2,"minecraft:iron_block":2,"supplementaries:ash":2,"minecraft:cobblestone":1884,"minecraft:birch_log":29,"ecologics:walnut":4,"securitycraft:reinforced_hopper":1,"minecraft:cooked_beef":1,"minecraft:repeater":9,"minecraft:jungle_log":1,"minecraft:potato":25,"minecraft:flint":3,"undead_revamp2:huntereye":1,"minecraft:lapis_lazuli":2,"minecraft:dirt":572,"minecraft:lantern":2,"securitycraft:reinforced_stone_button":22,"minecraft:bone":5,"minecraft:bow":5,"minecraft:wheat_seeds":234,"minecraft:oak_planks":147,"iceandfire:podium_spruce":1,"minecraft:sand":21,"minecraft:mossy_cobblestone":1,"minecraft:yellow_carpet":1,"minecraft:diamond":4,"iceandfire:lectern":1,"luminousworld:yellowpetunias":3,"luminousworld:auburn_sapling":1,"minecraft:bread":8,"minecraft:emerald":1,"minecraft:oak_sapling":5,"iceandfire:silver_nugget":20,"minecraft:charcoal":14,"luminousworld:groundpebbles_1":13,"minecraft:crafting_table":2,"minecraft:azure_bluet":11,"minecraft:chicken":2,"minecraft:wooden_pickaxe":1,"minecraft:chain":3,"minecraft:cornflower":7,"minecraft:iron_axe":2,"born_in_chaos_v1:intoxicating_decoction":2,"minecraft:item_frame":9,"ecologics:walnut_sapling":6,"iceandfire:bestiary":4,"alexscaves:burrowing_arrow":1,"minecraft:beef":8,"minecraft:chest":3,"luminousworld:white_oak_plank":1,"minecraft:egg":1,"minecraft:raw_iron":17,"securitycraft:reinforced_cobblestone":64,"ironchest:iron_chest":1,"sophisticatedbackpacks:backpack":1,"minecraft:white_dye":2,"quark:birch_chest":2,"minecraft:carrot":4,"minecraft:redstone":10,"minecraft:arrow":1,"minecraft:hay_block":21,"alexscaves:spelunkery_table":1,"minecraft:gold_ingot":21,"minecraft:mutton":1,"minecraft:oxeye_daisy":5,"born_in_chaos_v1:corpse_maggot":1,"minecraft:leather":5,"minecraft:oak_log":136,"minecraft:gunpowder":2,"minecraft:cobblestone_stairs":2,"minecraft:apple":1,"minecraft:stone_bricks":29,"iceandfire:pixie_jar_empty":2,"minecraft:iron_ingot":37,"securitycraft:universal_block_reinforcer_lvl1":1,"tombstone:bag_of_seeds":1,"luminousworld:auburn_door":1,"luminousworld:white_petunias":1,"minecraft:iron_sword":4,"minecraft:book":23,"minecraft:scaffolding":1,"minecraft:oak_slab":1,"iceandfire:copper_nugget":28,"minecraft:daylight_detector":4,"born_in_chaos_v1:ethereal_spirit":4,"minecraft:dandelion":53,"minecraft:dripstone_block":4,"luminousworld:sunset_petunias":5,"minecraft:gravel":22,"minecraft:blast_furnace":2,"quark:oak_chest":2,"luminousworld:whiteoaklog":11,"minecraft:chainmail_leggings":1,"minecraft:iron_helmet":14,"minecraft:oak_button":1,"minecraft:coal":104}},"DataVersion":3465}