{"stats":{"minecraft:killed_by":{"enemyexpansion:huntsman":1,"minecraft:skeleton":1,"born_in_chaos_v1:dread_hound":1},"minecraft:custom":{"minecraft:mob_kills":24,"minecraft:animals_bred":1,"minecraft:interact_with_crafting_table":54,"minecraft:open_barrel":2,"minecraft:eat_cake_slice":2,"minecraft:leave_game":1,"minecraft:time_since_death":145385,"minecraft:climb_one_cm":8316,"minecraft:sprint_one_cm":177187,"minecraft:walk_one_cm":600750,"minecraft:drop":81,"minecraft:talked_to_villager":5,"minecraft:play_time":205385,"minecraft:deaths":3,"minecraft:sneak_time":4870,"minecraft:walk_under_water_one_cm":509,"minecraft:jump":1640,"minecraft:walk_on_water_one_cm":782,"minecraft:total_world_time":205385,"minecraft:interact_with_furnace":43,"minecraft:interact_with_cartography_table":1,"minecraft:sleep_in_bed":7,"minecraft:time_since_rest":1413,"minecraft:damage_taken":2406,"minecraft:damage_dealt":4372,"minecraft:swim_one_cm":5896,"minecraft:fly_one_cm":304398,"minecraft:open_chest":150,"minecraft:crouch_one_cm":12258,"tombstone:undead_killed":12,"minecraft:fall_one_cm":37620,"minecraft:horse_one_cm":7907},"minecraft:crafted":{"minecraft:wooden_sword":1,"minecraft:oak_planks":304,"minecraft:tripwire_hook":2,"minecraft:cobblestone_slab":6,"quark:birch_chest":2,"minecraft:coal":27,"minecraft:stone_shovel":3,"securitycraft:keycard_reader":1,"ecologics:walnut_planks":16,"minecraft:stone_button":22,"minecraft:furnace":1,"quark:birch_ladder":4,"minecraft:stone":64,"securitycraft:keypad_item":1,"minecraft:heavy_weighted_pressure_plate":1,"minecraft:glass_pane":16,"minecraft:iron_bars":16,"minecraft:hopper":1,"securitycraft:keycard_lv1":5,"securitycraft:laser_block":1,"securitycraft:keycard_lock":1,"minecraft:glass":21,"vanillaplustools:iron_hammer":1,"luminousworld:white_oak_plank":44,"minecraft:chest":2,"minecraft:iron_door":3,"minecraft:wheat":54,"luminousworld:autumnplank":28,"sophisticatedbackpacks:backpack":1,"minecraft:crafting_table":2,"luminousworld:auburn_door":3,"minecraft:birch_planks":24,"minecraft:stone_axe":2,"minecraft:air":0,"minecraft:bread":35,"minecraft:jungle_planks":4,"securitycraft:door_indestructible_iron_item":2,"minecraft:stick":56,"quark:oak_chest":5,"minecraft:iron_ingot":56,"minecraft:iron_pickaxe":8,"minecraft:wooden_axe":1,"minecraft:gold_ingot":3,"securitycraft:limited_use_keycard":1,"minecraft:acacia_planks":8,"minecraft:torch":112,"securitycraft:sc_manual":1,"minecraft:trapped_chest":2,"securitycraft:universal_block_reinforcer_lvl1":1},"minecraft:dropped":{"minecraft:enchanted_book":1,"minecraft:iron_ingot":15,"minecraft:iron_sword":1,"luminousworld:sunset_petunias":1,"minecraft:mossy_cobblestone":1,"minecraft:diamond":2,"minecraft:iron_helmet":4,"minecraft:cobblestone":1,"minecraft:item_frame":6,"minecraft:dirt":65,"minecraft:stone_button":22,"iceandfire:pixie_jar_empty":1,"minecraft:torch":3,"securitycraft:keycard_lv1":4,"minecraft:iron_leggings":4,"minecraft:iron_axe":1,"minecraft:dandelion":6,"minecraft:gold_ingot":4,"minecraft:armor_stand":1,"undead_revamp2:huntereye":1,"minecraft:sticky_piston":4,"born_in_chaos_v1:ethereal_spirit":1,"minecraft:oak_planks":2,"minecraft:iron_boots":4,"sophisticatedbackpacks:backpack":1,"minecraft:azure_bluet":2,"minecraft:iron_chestplate":4,"iceandfire:bestiary":2,"minecraft:brown_carpet":2,"minecraft:wooden_pickaxe":1,"securitycraft:universal_block_reinforcer_lvl1":1,"minecraft:scaffolding":1},"minecraft:mined":{"luminousworld:white_petunias":1,"luminousworld:yellowpetunias":1,"luminousworld:grassvariant_4":1,"minecraft:mossy_cobblestone":1,"luminousworld:autumnleaves":1,"iceandfire:copper_pile":4,"placeablesmod:cooked_beef_block":1,"minecraft:cobblestone_stairs":2,"luminousworld:blue_petunias":2,"minecraft:grass_block":176,"minecraft:yellow_carpet":1,"minecraft:redstone_wire":8,"luminousworld:grassvariant_2":18,"minecraft:coal_block":18,"minecraft:oxeye_daisy":1,"minecraft:hay_block":23,"luminousworld:sunset_petunias":2,"minecraft:furnace":1,"minecraft:carrots":1,"minecraft:iron_ore":17,"minecraft:sticky_piston":1,"minecraft:acacia_wood":1,"minecraft:azure_bluet":2,"minecraft:bookshelf":7,"minecraft:potatoes":4,"iceandfire:gold_pile":6,"minecraft:lantern":2,"ecologics:walnut_log":4,"minecraft:iron_block":2,"minecraft:stone":1706,"iceandfire:podium_spruce":2,"iceandfire:pixie_jar_empty":1,"minecraft:piston_head":3,"minecraft:smithing_table":2,"minecraft:oak_slab":1,"minecraft:scaffolding":1,"minecraft:redstone_block":1,"minecraft:glass_pane":1,"minecraft:comparator":1,"minecraft:dandelion":11,"minecraft:crafting_table":1,"minecraft:cornflower":3,"minecraft:torch":7,"minecraft:blast_furnace":1,"minecraft:campfire":7,"luminousworld:auburnlog":14,"minecraft:copper_ore":27,"minecraft:tall_grass":5,"minecraft:cobblestone":11,"minecraft:oak_planks":84,"placeablesmod:bread_full_block":2,"minecraft:wall_torch":9,"luminousworld:whiteoaklog":11,"minecraft:repeater":9,"minecraft:birch_log":29,"minecraft:wheat":82,"minecraft:stone_brick_stairs":2,"minecraft:grass":73,"iceandfire:silver_pile":6,"minecraft:oak_log":74,"minecraft:coal_ore":90,"minecraft:dripstone_block":4,"minecraft:gravel":5,"minecraft:dirt":69,"luminousworld:grassvariant_3":16,"minecraft:cobweb":62,"minecraft:stone_bricks":32,"minecraft:daylight_detector":4,"minecraft:oak_leaves":15},"minecraft:broken":{"minecraft:iron_axe":1,"minecraft:iron_pickaxe":2,"minecraft:stone_shovel":1},"minecraft:killed":{"born_in_chaos_v1:zombie_clown":1,"undead_revamp2:thehunter":1,"born_in_chaos_v1:restless_spirit":4,"born_in_chaos_v1:skeleton_demoman":1,"born_in_chaos_v1:siamese_skeletonsright":1,"born_in_chaos_v1:zombie_bruiser":1,"minecraft:skeleton":1,"undead_revamp2:the_moonflower":1,"minecraft:creeper":1,"born_in_chaos_v1:decrepit_skeleton":1,"minecraft:zombie":1,"born_in_chaos_v1:corpse_fly":1,"enemyexpansion:huntsman":1,"alexsmobs:crow":1,"born_in_chaos_v1:siamese_skeletonsleft":1,"minecraft:cow":5,"enemyexpansion:slugger":1},"minecraft:used":{"quark:birch_chest":2,"born_in_chaos_v1:ethereal_spirit":12,"minecraft:armor_stand":4,"minecraft:stone_shovel":246,"born_in_chaos_v1:intoxicating_decoction":1,"minecraft:iron_sword":260,"minecraft:iron_chestplate":1,"minecraft:torch":83,"minecraft:dirt":55,"securitycraft:keypad_item":1,"minecraft:carrot":4,"securitycraft:keycard_reader":1,"quark:birch_ladder":4,"minecraft:iron_axe":150,"minecraft:iron_helmet":1,"minecraft:stone_bricks":14,"minecraft:item_frame":1,"minecraft:bow":26,"minecraft:hay_block":1,"luminousworld:auburn_door":1,"minecraft:furnace":2,"ecologics:walnut":4,"tombstone:gift":6,"minecraft:cooked_beef":6,"securitycraft:door_indestructible_iron_item":2,"minecraft:oak_planks":152,"ecologics:walnut_sapling":6,"minecraft:oak_slab":1,"minecraft:crafting_table":3,"minecraft:blast_furnace":1,"securitycraft:keycard_lock":1,"tombstone:bag_of_seeds":2,"minecraft:bread":24,"minecraft:iron_pickaxe":572,"tombstone:grave_key":4,"minecraft:stone_axe":72,"minecraft:coal_block":13,"minecraft:wooden_sword":31,"minecraft:cobblestone":522,"vanillaplustools:iron_hammer":196,"minecraft:chain":1,"quark:oak_chest":2},"minecraft:picked_up":{"luminousworld:groundpebbles_1":3,"minecraft:charcoal":14,"minecraft:iron_chestplate":11,"minecraft:crafting_table":1,"minecraft:wheat":81,"minecraft:azure_bluet":2,"minecraft:redstone_block":1,"minecraft:chicken":2,"minecraft:smithing_table":2,"minecraft:wooden_pickaxe":1,"minecraft:enchanted_book":1,"minecraft:stone_brick_stairs":2,"minecraft:chain":2,"securitycraft:reinforced_cobblestone_slab":6,"minecraft:cornflower":1,"iceandfire:manuscript":28,"minecraft:string":62,"minecraft:iron_axe":2,"minecraft:raw_copper":89,"minecraft:sticky_piston":8,"minecraft:armor_stand":9,"minecraft:iron_leggings":13,"born_in_chaos_v1:intoxicating_decoction":2,"minecraft:item_frame":7,"ecologics:walnut_sapling":6,"iceandfire:bestiary":4,"minecraft:gold_nugget":36,"minecraft:comparator":1,"alexscaves:burrowing_arrow":1,"minecraft:beef":8,"securitycraft:keycard_lv1":2,"minecraft:iron_pickaxe":1,"minecraft:coal_block":20,"minecraft:egg":1,"minecraft:iron_boots":13,"minecraft:furnace":1,"minecraft:stick":49,"minecraft:raw_iron":17,"luminousworld:auburnlog":14,"securitycraft:reinforced_cobblestone":64,"ecologics:walnut_log":4,"minecraft:torch":24,"minecraft:acacia_log":2,"sophisticatedbackpacks:backpack":1,"minecraft:white_dye":2,"tombstone:grave_dust":4,"minecraft:carrot":4,"minecraft:redstone":10,"minecraft:brown_carpet":2,"born_in_chaos_v1:fried_maggot":2,"minecraft:arrow":1,"minecraft:rotten_flesh":22,"minecraft:hay_block":21,"minecraft:iron_block":2,"minecraft:gold_ingot":21,"supplementaries:ash":1,"minecraft:mutton":1,"minecraft:cobblestone":1692,"minecraft:oxeye_daisy":2,"minecraft:birch_log":29,"born_in_chaos_v1:corpse_maggot":1,"ecologics:walnut":4,"securitycraft:reinforced_hopper":1,"minecraft:cooked_beef":1,"minecraft:repeater":9,"minecraft:jungle_log":1,"minecraft:leather":5,"minecraft:potato":25,"minecraft:oak_log":136,"undead_revamp2:huntereye":1,"minecraft:gunpowder":2,"minecraft:cobblestone_stairs":2,"minecraft:lapis_lazuli":2,"minecraft:dirt":236,"minecraft:lantern":2,"securitycraft:reinforced_stone_button":22,"minecraft:bone":5,"iceandfire:pixie_jar_empty":2,"minecraft:apple":1,"minecraft:stone_bricks":29,"minecraft:bow":5,"minecraft:wheat_seeds":215,"minecraft:iron_ingot":37,"securitycraft:universal_block_reinforcer_lvl1":1,"tombstone:bag_of_seeds":1,"minecraft:oak_planks":80,"minecraft:iron_sword":4,"minecraft:book":23,"minecraft:scaffolding":1,"minecraft:oak_slab":1,"iceandfire:copper_nugget":28,"minecraft:daylight_detector":4,"iceandfire:podium_spruce":1,"born_in_chaos_v1:ethereal_spirit":4,"minecraft:dandelion":11,"minecraft:dripstone_block":4,"luminousworld:sunset_petunias":3,"minecraft:sand":21,"minecraft:blast_furnace":1,"minecraft:mossy_cobblestone":1,"luminousworld:whiteoaklog":11,"minecraft:yellow_carpet":1,"minecraft:diamond":4,"minecraft:chainmail_leggings":1,"minecraft:iron_helmet":11,"luminousworld:auburn_sapling":1,"minecraft:emerald":1,"minecraft:bread":8,"minecraft:oak_button":1,"minecraft:oak_sapling":5,"iceandfire:silver_nugget":20,"minecraft:coal":90}},"DataVersion":3465}