{"stats":{"minecraft:killed_by":{"enemyexpansion:huntsman":1,"minecraft:skeleton":1,"born_in_chaos_v1:dread_hound":1},"minecraft:custom":{"minecraft:mob_kills":20,"minecraft:animals_bred":1,"minecraft:interact_with_crafting_table":20,"minecraft:open_barrel":2,"minecraft:eat_cake_slice":2,"minecraft:leave_game":1,"minecraft:time_since_death":61385,"minecraft:climb_one_cm":4544,"minecraft:sprint_one_cm":125388,"minecraft:walk_one_cm":423130,"minecraft:drop":65,"minecraft:talked_to_villager":5,"minecraft:play_time":121385,"minecraft:deaths":3,"minecraft:sneak_time":2821,"minecraft:walk_under_water_one_cm":509,"minecraft:jump":1276,"minecraft:walk_on_water_one_cm":782,"minecraft:total_world_time":121385,"minecraft:interact_with_furnace":29,"minecraft:interact_with_cartography_table":1,"minecraft:sleep_in_bed":3,"minecraft:time_since_rest":32196,"minecraft:damage_taken":2086,"minecraft:damage_dealt":3884,"minecraft:swim_one_cm":5896,"minecraft:fly_one_cm":246564,"minecraft:open_chest":114,"minecraft:crouch_one_cm":4477,"tombstone:undead_killed":10,"minecraft:fall_one_cm":32316,"minecraft:horse_one_cm":7907},"minecraft:crafted":{"minecraft:wooden_sword":1,"minecraft:oak_planks":180,"minecraft:coal":27,"minecraft:stone_shovel":2,"ecologics:walnut_planks":16,"minecraft:furnace":1,"vanillaplustools:iron_hammer":1,"minecraft:wheat":54,"luminousworld:autumnplank":28,"sophisticatedbackpacks:backpack":1,"minecraft:crafting_table":2,"luminousworld:auburn_door":3,"minecraft:stone_axe":1,"minecraft:air":0,"minecraft:bread":35,"minecraft:jungle_planks":4,"minecraft:stick":48,"quark:oak_chest":3,"minecraft:iron_ingot":29,"minecraft:iron_pickaxe":8,"minecraft:wooden_axe":1,"minecraft:acacia_planks":8,"minecraft:torch":112},"minecraft:dropped":{"minecraft:enchanted_book":1,"minecraft:iron_ingot":15,"minecraft:iron_sword":1,"luminousworld:sunset_petunias":1,"minecraft:mossy_cobblestone":1,"minecraft:diamond":2,"minecraft:iron_helmet":4,"minecraft:cobblestone":1,"minecraft:item_frame":6,"minecraft:dirt":65,"iceandfire:pixie_jar_empty":1,"minecraft:torch":3,"minecraft:iron_leggings":4,"minecraft:gold_ingot":4,"minecraft:armor_stand":1,"undead_revamp2:huntereye":1,"minecraft:sticky_piston":4,"born_in_chaos_v1:ethereal_spirit":1,"minecraft:oak_planks":1,"minecraft:iron_boots":4,"sophisticatedbackpacks:backpack":1,"minecraft:iron_chestplate":4,"iceandfire:bestiary":2,"minecraft:brown_carpet":2,"minecraft:wooden_pickaxe":1,"minecraft:scaffolding":1},"minecraft:mined":{"luminousworld:white_petunias":1,"minecraft:mossy_cobblestone":1,"luminousworld:autumnleaves":1,"iceandfire:copper_pile":4,"placeablesmod:cooked_beef_block":1,"minecraft:cobblestone_stairs":2,"luminousworld:blue_petunias":2,"minecraft:grass_block":175,"minecraft:yellow_carpet":1,"minecraft:redstone_wire":8,"luminousworld:grassvariant_2":9,"minecraft:coal_block":18,"minecraft:hay_block":23,"luminousworld:sunset_petunias":1,"minecraft:furnace":1,"minecraft:carrots":1,"minecraft:iron_ore":17,"minecraft:sticky_piston":1,"minecraft:acacia_wood":1,"minecraft:bookshelf":7,"minecraft:potatoes":4,"iceandfire:gold_pile":6,"minecraft:lantern":2,"ecologics:walnut_log":4,"minecraft:iron_block":2,"minecraft:stone":438,"iceandfire:podium_spruce":2,"iceandfire:pixie_jar_empty":1,"minecraft:piston_head":3,"minecraft:smithing_table":2,"minecraft:oak_slab":1,"minecraft:scaffolding":1,"minecraft:redstone_block":1,"minecraft:glass_pane":1,"minecraft:comparator":1,"minecraft:dandelion":2,"minecraft:crafting_table":1,"minecraft:cornflower":1,"minecraft:torch":5,"minecraft:blast_furnace":1,"minecraft:campfire":7,"luminousworld:auburnlog":7,"minecraft:tall_grass":1,"minecraft:cobblestone":11,"minecraft:oak_planks":13,"placeablesmod:bread_full_block":2,"minecraft:wall_torch":5,"minecraft:repeater":9,"minecraft:wheat":82,"minecraft:stone_brick_stairs":2,"minecraft:grass":24,"iceandfire:silver_pile":6,"minecraft:oak_log":45,"minecraft:coal_ore":70,"minecraft:dirt":36,"luminousworld:grassvariant_3":5,"minecraft:cobweb":62,"minecraft:stone_bricks":32,"minecraft:daylight_detector":4,"minecraft:oak_leaves":6},"minecraft:broken":{"minecraft:iron_pickaxe":2,"minecraft:stone_shovel":1},"minecraft:killed":{"born_in_chaos_v1:zombie_clown":1,"undead_revamp2:thehunter":1,"born_in_chaos_v1:restless_spirit":3,"born_in_chaos_v1:skeleton_demoman":1,"born_in_chaos_v1:siamese_skeletonsright":1,"minecraft:skeleton":1,"undead_revamp2:the_moonflower":1,"minecraft:creeper":1,"born_in_chaos_v1:decrepit_skeleton":1,"minecraft:zombie":1,"enemyexpansion:huntsman":1,"alexsmobs:crow":1,"born_in_chaos_v1:siamese_skeletonsleft":1,"minecraft:cow":5},"minecraft:used":{"born_in_chaos_v1:ethereal_spirit":12,"minecraft:armor_stand":4,"minecraft:stone_shovel":211,"born_in_chaos_v1:intoxicating_decoction":1,"minecraft:iron_sword":179,"minecraft:iron_chestplate":1,"minecraft:torch":39,"minecraft:dirt":55,"minecraft:carrot":4,"minecraft:iron_helmet":1,"minecraft:stone_bricks":14,"minecraft:item_frame":1,"minecraft:bow":9,"minecraft:hay_block":1,"luminousworld:auburn_door":1,"minecraft:furnace":2,"ecologics:walnut":4,"tombstone:gift":6,"minecraft:cooked_beef":6,"minecraft:oak_planks":152,"ecologics:walnut_sapling":6,"minecraft:oak_slab":1,"minecraft:crafting_table":3,"minecraft:blast_furnace":1,"tombstone:bag_of_seeds":2,"minecraft:bread":15,"minecraft:iron_pickaxe":572,"tombstone:grave_key":4,"minecraft:stone_axe":69,"minecraft:coal_block":13,"minecraft:wooden_sword":31,"minecraft:cobblestone":89,"vanillaplustools:iron_hammer":43,"minecraft:chain":1,"quark:oak_chest":2},"minecraft:picked_up":{"luminousworld:groundpebbles_1":3,"minecraft:charcoal":14,"minecraft:iron_chestplate":9,"minecraft:crafting_table":1,"minecraft:wheat":81,"minecraft:redstone_block":1,"minecraft:chicken":2,"minecraft:smithing_table":2,"minecraft:wooden_pickaxe":1,"minecraft:stone_brick_stairs":2,"minecraft:chain":2,"minecraft:cornflower":1,"iceandfire:manuscript":28,"minecraft:string":62,"minecraft:sticky_piston":4,"minecraft:armor_stand":9,"minecraft:iron_leggings":10,"born_in_chaos_v1:intoxicating_decoction":2,"minecraft:item_frame":7,"ecologics:walnut_sapling":6,"iceandfire:bestiary":4,"minecraft:gold_nugget":36,"minecraft:comparator":1,"alexscaves:burrowing_arrow":1,"minecraft:beef":8,"minecraft:iron_pickaxe":1,"minecraft:coal_block":20,"minecraft:egg":1,"minecraft:iron_boots":12,"minecraft:furnace":1,"minecraft:stick":47,"minecraft:raw_iron":17,"luminousworld:auburnlog":7,"ecologics:walnut_log":4,"minecraft:torch":14,"minecraft:acacia_log":2,"sophisticatedbackpacks:backpack":1,"minecraft:white_dye":2,"tombstone:grave_dust":2,"minecraft:carrot":4,"minecraft:redstone":10,"minecraft:brown_carpet":2,"minecraft:arrow":1,"minecraft:rotten_flesh":15,"minecraft:hay_block":21,"minecraft:iron_block":2,"minecraft:gold_ingot":4,"supplementaries:ash":1,"minecraft:mutton":1,"minecraft:cobblestone":449,"minecraft:oxeye_daisy":1,"ecologics:walnut":4,"minecraft:cooked_beef":1,"minecraft:repeater":9,"minecraft:jungle_log":1,"minecraft:leather":5,"minecraft:potato":25,"minecraft:oak_log":45,"undead_revamp2:huntereye":1,"minecraft:gunpowder":2,"minecraft:cobblestone_stairs":2,"minecraft:lapis_lazuli":2,"minecraft:dirt":204,"minecraft:lantern":2,"minecraft:bone":5,"iceandfire:pixie_jar_empty":1,"minecraft:apple":1,"minecraft:stone_bricks":29,"minecraft:bow":5,"minecraft:wheat_seeds":211,"minecraft:iron_ingot":21,"tombstone:bag_of_seeds":1,"minecraft:oak_planks":12,"minecraft:iron_sword":4,"minecraft:book":23,"minecraft:scaffolding":1,"minecraft:oak_slab":1,"iceandfire:copper_nugget":28,"minecraft:daylight_detector":4,"iceandfire:podium_spruce":1,"born_in_chaos_v1:ethereal_spirit":2,"minecraft:dandelion":5,"luminousworld:sunset_petunias":3,"minecraft:blast_furnace":1,"minecraft:mossy_cobblestone":1,"minecraft:yellow_carpet":1,"minecraft:diamond":4,"minecraft:chainmail_leggings":1,"minecraft:iron_helmet":9,"luminousworld:auburn_sapling":1,"minecraft:emerald":1,"minecraft:bread":8,"minecraft:oak_sapling":3,"iceandfire:silver_nugget":20,"minecraft:coal":70}},"DataVersion":3465}