{"stats":{"minecraft:picked_up":{"minecraft:wooden_axe":1,"minecraft:iron_chestplate":14,"minecraft:wheat":129,"minecraft:redstone_block":1,"minecraft:chainmail_boots":1,"minecraft:smithing_table":2,"minecraft:enchanted_book":2,"minecraft:stone_brick_stairs":2,"iceandfire:manuscript":39,"securitycraft:reinforced_cobblestone_slab":6,"minecraft:music_disc_cat":1,"minecraft:string":74,"minecraft:raw_copper":94,"minecraft:iron_leggings":19,"minecraft:sticky_piston":8,"minecraft:armor_stand":13,"minecraft:gold_nugget":36,"minecraft:cobbled_deepslate":7,"minecraft:comparator":1,"securitycraft:keycard_lv1":2,"minecraft:iron_pickaxe":1,"minecraft:coal_block":20,"minecraft:mangrove_log":1,"minecraft:furnace":7,"minecraft:iron_boots":16,"minecraft:golden_helmet":1,"minecraft:stick":49,"luminousworld:auburnlog":14,"ecologics:walnut_log":4,"minecraft:torch":79,"minecraft:acacia_log":2,"minecraft:porkchop":3,"minecraft:pointed_dripstone":16,"tombstone:grave_dust":7,"minecraft:diorite":1,"supplementaries:flax":5,"tombstone:lollipop":3,"minecraft:brown_carpet":2,"luminousworld:grassflowers":3,"born_in_chaos_v1:fried_maggot":2,"minecraft:rotten_flesh":50,"luminousworld:yellow_grassflowers":3,"minecraft:iron_block":2,"supplementaries:ash":11,"undead_revamp2:arapholia":1,"minecraft:cobblestone":1984,"minecraft:birch_log":29,"ecologics:walnut":4,"securitycraft:reinforced_hopper":1,"minecraft:cooked_beef":1,"minecraft:repeater":9,"minecraft:andesite":56,"minecraft:water_bucket":1,"minecraft:jungle_log":1,"minecraft:golden_leggings":1,"minecraft:potato":81,"quark:black_corundum_cluster":10,"minecraft:flint":3,"supplementaries:flax_seeds":6,"undead_revamp2:huntereye":2,"minecraft:lapis_lazuli":70,"minecraft:dirt":606,"minecraft:lantern":2,"securitycraft:reinforced_stone_button":22,"minecraft:bone":10,"undead_revamp2:blacpetalblock":1,"minecraft:bow":5,"minecraft:wheat_seeds":317,"minecraft:raw_gold":1,"minecraft:oak_planks":149,"iceandfire:podium_spruce":1,"minecraft:sand":21,"minecraft:mossy_cobblestone":1,"minecraft:yellow_carpet":1,"minecraft:diamond":4,"iceandfire:lectern":1,"luminousworld:yellowpetunias":3,"minecraft:granite":2,"luminousworld:auburn_sapling":1,"minecraft:emerald":1,"minecraft:bread":10,"minecraft:oak_sapling":5,"iceandfire:silver_nugget":20,"iceandfire:raw_silver":7,"luminousworld:groundpebbles_1":15,"minecraft:charcoal":14,"minecraft:crafting_table":3,"minecraft:azure_bluet":11,"minecraft:chicken":2,"minecraft:wooden_pickaxe":2,"minecraft:chain":3,"minecraft:cornflower":7,"minecraft:iron_axe":4,"born_in_chaos_v1:intoxicating_decoction":2,"minecraft:item_frame":9,"minecraft:white_carpet":5,"ecologics:walnut_sapling":6,"iceandfire:bestiary":4,"alexscaves:burrowing_arrow":1,"minecraft:beef":8,"luminousworld:white_oak_plank":1,"minecraft:chest":3,"minecraft:egg":1,"minecraft:raw_iron":115,"minecraft:stone":2,"securitycraft:reinforced_cobblestone":64,"ironchest:iron_chest":1,"sophisticatedbackpacks:backpack":1,"minecraft:white_dye":2,"quark:birch_chest":2,"minecraft:carrot":4,"minecraft:redstone":14,"minecraft:tnt":1,"minecraft:arrow":3,"artifacts:snowshoes":1,"minecraft:hay_block":21,"alexscaves:spelunkery_table":1,"minecraft:gold_ingot":21,"minecraft:glow_berries":1,"minecraft:mutton":1,"minecraft:oxeye_daisy":5,"born_in_chaos_v1:corpse_maggot":12,"born_in_chaos_v1:pumpkin_staff":1,"luminousworld:ishstone":46,"minecraft:leather":5,"minecraft:birch_planks":2,"quark:smithing_template_rune":1,"minecraft:oak_log":136,"minecraft:chainmail_chestplate":1,"minecraft:gunpowder":8,"minecraft:cobblestone_stairs":2,"minecraft:stone_bricks":29,"minecraft:apple":1,"iceandfire:pixie_jar_empty":2,"minecraft:iron_ingot":53,"securitycraft:universal_block_reinforcer_lvl1":1,"luminousworld:auburn_door":1,"tombstone:bag_of_seeds":1,"luminousworld:white_petunias":1,"minecraft:gray_bed":1,"minecraft:iron_sword":4,"quark:black_corundum":4,"minecraft:book":23,"minecraft:scaffolding":1,"minecraft:oak_slab":4,"iceandfire:copper_nugget":28,"minecraft:daylight_detector":4,"born_in_chaos_v1:ethereal_spirit":4,"minecraft:dandelion":60,"minecraft:dripstone_block":12,"luminousworld:sunset_petunias":6,"minecraft:gravel":23,"minecraft:blast_furnace":2,"quark:oak_chest":2,"minecraft:spider_eye":1,"luminousworld:whiteoaklog":11,"minecraft:chainmail_leggings":1,"minecraft:iron_helmet":15,"minecraft:oak_button":1,"minecraft:coal":110},"minecraft:dropped":{"minecraft:iron_sword":2,"minecraft:porkchop":3,"luminousworld:yellowpetunias":2,"minecraft:oak_log":7,"minecraft:baked_potato":5,"minecraft:diamond":2,"luminousworld:white_petunias":1,"minecraft:item_frame":6,"minecraft:dirt":67,"iceandfire:pixie_jar_empty":1,"minecraft:stone_button":22,"minecraft:cornflower":5,"minecraft:chain":1,"supplementaries:flax":2,"minecraft:gold_ingot":4,"minecraft:armor_stand":1,"undead_revamp2:huntereye":1,"undead_revamp2:arapholia":1,"born_in_chaos_v1:ethereal_spirit":3,"minecraft:pointed_dripstone":1,"minecraft:rotten_flesh":34,"minecraft:oak_planks":2,"minecraft:azure_bluet":11,"supplementaries:ash":6,"luminousworld:grassflowers":3,"alexscaves:cave_book":1,"born_in_chaos_v1:corpse_maggot":7,"iceandfire:bestiary":2,"minecraft:arrow":1,"minecraft:scaffolding":1,"minecraft:iron_ingot":15,"minecraft:enchanted_book":1,"luminousworld:sunset_petunias":4,"minecraft:wheat_seeds":1,"luminousworld:ishstone":2,"minecraft:mossy_cobblestone":1,"minecraft:iron_helmet":5,"minecraft:cobblestone":66,"minecraft:granite":1,"minecraft:coal":3,"minecraft:oxeye_daisy":2,"born_in_chaos_v1:pumpkin_staff":1,"minecraft:diorite":1,"minecraft:torch":35,"minecraft:wooden_axe":1,"securitycraft:keycard_lv1":4,"minecraft:iron_leggings":5,"minecraft:iron_axe":1,"minecraft:dandelion":28,"minecraft:oak_trapdoor":5,"minecraft:sticky_piston":4,"minecraft:raw_iron":1,"minecraft:iron_boots":5,"sophisticatedbackpacks:backpack":2,"quark:black_corundum":4,"luminousworld:yellow_grassflowers":2,"minecraft:iron_chestplate":5,"luminousworld:groundpebbles_1":3,"minecraft:spider_eye":1,"minecraft:brown_carpet":2,"minecraft:wooden_pickaxe":2,"securitycraft:universal_block_reinforcer_lvl1":1},"minecraft:crafted":{"minecraft:oak_planks":368,"minecraft:cobblestone_slab":6,"quark:birch_chest":2,"securitycraft:keycard_reader":1,"ecologics:walnut_planks":16,"quark:birch_ladder":4,"minecraft:stone":64,"securitycraft:keypad_item":1,"minecraft:heavy_weighted_pressure_plate":1,"minecraft:iron_bars":16,"securitycraft:laser_block":1,"securitycraft:keycard_lv1":5,"minecraft:hopper":1,"minecraft:glass":21,"vanillaplustools:iron_hammer":1,"minecraft:chest":2,"minecraft:iron_door":3,"minecraft:stone_hoe":2,"minecraft:oak_slab":36,"sophisticatedbackpacks:backpack":2,"minecraft:crafting_table":5,"minecraft:baked_potato":37,"minecraft:copper_ingot":81,"minecraft:birch_planks":24,"quark:oak_chest":26,"minecraft:stick":84,"minecraft:iron_ingot":99,"minecraft:iron_pickaxe":11,"minecraft:gold_ingot":3,"securitycraft:limited_use_keycard":1,"securitycraft:sc_manual":1,"securitycraft:universal_block_reinforcer_lvl1":1,"minecraft:wooden_sword":1,"minecraft:coal":27,"minecraft:stone_shovel":5,"minecraft:tripwire_hook":2,"minecraft:furnace":2,"minecraft:stone_button":22,"minecraft:oak_trapdoor":6,"minecraft:glass_pane":16,"securitycraft:keycard_lock":1,"luminousworld:white_oak_plank":44,"minecraft:stone_pickaxe":2,"minecraft:wheat":54,"luminousworld:autumnplank":56,"iceandfire:silver_ingot":1,"luminousworld:auburn_door":3,"minecraft:iron_sword":2,"minecraft:stone_axe":2,"minecraft:jungle_planks":4,"minecraft:bread":50,"minecraft:air":0,"securitycraft:door_indestructible_iron_item":2,"minecraft:wooden_axe":1,"minecraft:acacia_planks":8,"minecraft:torch":252,"minecraft:trapped_chest":2},"minecraft:custom":{"minecraft:animals_bred":1,"minecraft:interact_with_crafting_table":78,"minecraft:open_barrel":13,"minecraft:eat_cake_slice":2,"minecraft:leave_game":4,"minecraft:time_since_death":16762,"minecraft:sprint_one_cm":334555,"minecraft:drop":164,"tombstone:eaten_lollipop":3,"minecraft:talked_to_villager":5,"minecraft:play_time":341064,"minecraft:deaths":5,"minecraft:jump":3595,"minecraft:walk_on_water_one_cm":19907,"minecraft:interact_with_furnace":133,"minecraft:interact_with_cartography_table":1,"minecraft:interact_with_loom":2,"minecraft:sleep_in_bed":11,"minecraft:damage_dealt":12714,"minecraft:crouch_one_cm":26918,"tombstone:undead_killed":29,"minecraft:horse_one_cm":7907,"minecraft:mob_kills":61,"minecraft:damage_dealt_resisted":490,"minecraft:climb_one_cm":27014,"minecraft:walk_one_cm":1328226,"minecraft:sneak_time":9507,"minecraft:walk_under_water_one_cm":6036,"minecraft:interact_with_blast_furnace":7,"minecraft:total_world_time":341064,"minecraft:time_since_rest":16544,"minecraft:damage_taken":5814,"minecraft:swim_one_cm":6503,"minecraft:fly_one_cm":564123,"minecraft:open_chest":394,"minecraft:fall_one_cm":95885},"minecraft:mined":{"luminousworld:yellowpetunias":3,"luminousworld:autumnleaves":1,"iceandfire:copper_pile":4,"placeablesmod:cooked_beef_block":1,"minecraft:cobblestone_stairs":2,"minecraft:granite":2,"minecraft:grass_block":359,"minecraft:yellow_carpet":1,"iceandfire:lectern":1,"minecraft:coal_block":18,"minecraft:oxeye_daisy":4,"minecraft:iron_ore":110,"minecraft:sticky_piston":1,"minecraft:fire":2,"minecraft:deepslate_lapis_ore":3,"minecraft:azure_bluet":6,"quark:black_corundum_cluster":8,"minecraft:pointed_dripstone":7,"iceandfire:gold_pile":6,"minecraft:dirt_path":1,"ecologics:walnut_log":4,"minecraft:iron_block":2,"minecraft:piston_head":3,"minecraft:torch":13,"minecraft:blast_furnace":2,"minecraft:chest":3,"minecraft:cobblestone":174,"minecraft:oak_planks":150,"placeablesmod:bread_full_block":2,"minecraft:wall_torch":10,"minecraft:chain":1,"minecraft:repeater":9,"minecraft:birch_log":29,"minecraft:wheat":83,"minecraft:tnt":1,"minecraft:stone_brick_stairs":2,"quark:birch_chest":2,"minecraft:grass":188,"minecraft:oak_log":74,"minecraft:dirt":263,"luminousworld:grassvariant_3":41,"minecraft:deepslate":3,"minecraft:oak_leaves":15,"minecraft:daylight_detector":4,"alexscaves:spelunkery_table":1,"luminousworld:groundpebbles_1":2,"iceandfire:silver_ore":7,"minecraft:mossy_cobblestone":1,"luminousworld:grassvariant_4":2,"luminousworld:blue_petunias":2,"born_in_chaos_v1:infected_diamond_ore":1,"minecraft:redstone_wire":8,"luminousworld:grassvariant_2":51,"luminousworld:white_oak_plank":1,"luminousworld:groundpebbles_3":3,"minecraft:hay_block":23,"luminousworld:sunset_petunias":5,"minecraft:redstone_ore":1,"minecraft:furnace":7,"minecraft:carrots":1,"luminousworld:yellow_grassflowers":3,"supplementaries:flax":2,"minecraft:acacia_wood":1,"placeablesmod:water_bucket_block":1,"minecraft:andesite":65,"minecraft:bookshelf":7,"minecraft:potatoes":5,"minecraft:deepslate_iron_ore":5,"minecraft:lantern":2,"ironchest:iron_chest":1,"luminousworld:groundpebbles_2":2,"minecraft:stone":1866,"iceandfire:podium_spruce":2,"iceandfire:pixie_jar_empty":1,"minecraft:smithing_table":2,"minecraft:oak_slab":4,"minecraft:scaffolding":1,"minecraft:redstone_block":1,"minecraft:glass_pane":1,"minecraft:comparator":1,"quark:oak_chest":2,"minecraft:dandelion":53,"minecraft:crafting_table":3,"minecraft:cornflower":10,"minecraft:campfire":7,"luminousworld:auburnlog":14,"minecraft:copper_ore":27,"minecraft:tall_grass":8,"minecraft:lapis_ore":7,"minecraft:diorite":1,"quark:black_corundum":5,"luminousworld:whiteoaklog":11,"minecraft:birch_planks":2,"minecraft:gray_bed":1,"luminousworld:auburn_door":1,"minecraft:white_carpet":6,"iceandfire:silver_pile":6,"minecraft:coal_ore":95,"luminousworld:ishstone":60,"minecraft:gravel":31,"minecraft:dripstone_block":10,"minecraft:cobweb":62,"minecraft:stone_bricks":32,"luminousworld:white_petunias":2},"minecraft:broken":{"minecraft:iron_sword":1,"minecraft:stone_shovel":4,"aether:iron_gloves":1,"minecraft:iron_axe":1,"minecraft:iron_pickaxe":2},"minecraft:killed_by":{"born_in_chaos_v1:corpse_fly":1,"enemyexpansion:huntsman":1,"minecraft:skeleton":1,"born_in_chaos_v1:dread_hound":1},"minecraft:killed":{"born_in_chaos_v1:zombie_clown":1,"born_in_chaos_v1:mr_pumpkin":2,"born_in_chaos_v1:restless_spirit":4,"born_in_chaos_v1:zombie_lumberjack":1,"born_in_chaos_v1:skeleton_demoman":1,"minecraft:spider":2,"undead_revamp2:thesmoker":1,"born_in_chaos_v1:siamese_skeletonsright":1,"minecraft:skeleton":3,"creeperoverhaul:cave_creeper":1,"minecraft:creeper":3,"enemyexpansion:meature":1,"minecraft:zombie":7,"born_in_chaos_v1:corpse_fly":4,"undead_revamp2:theskeeper":1,"minecraft:cow":5,"born_in_chaos_v1:siamese_skeletonsleft":1,"undead_revamp2:thehunter":4,"enemyexpansion:direwolf":2,"born_in_chaos_v1:zombie_bruiser":1,"born_in_chaos_v1:maggot":2,"undead_revamp2:sucker":1,"mowziesmobs:baby_foliaath":1,"undead_revamp2:the_moonflower":2,"born_in_chaos_v1:decrepit_skeleton":1,"enemyexpansion:crawler":1,"enemyexpansion:huntsman":1,"alexsmobs:crow":1,"enemyexpansion:slugger":1},"minecraft:used":{"born_in_chaos_v1:intoxicating_decoction":1,"minecraft:iron_sword":533,"tombstone:lollipop":3,"minecraft:iron_chestplate":1,"securitycraft:keypad_item":1,"minecraft:carrot":26,"quark:birch_ladder":4,"minecraft:lava_bucket":2,"minecraft:iron_helmet":1,"minecraft:stone_bricks":14,"minecraft:item_frame":3,"minecraft:bow":26,"minecraft:hay_block":1,"minecraft:furnace":8,"minecraft:potato":19,"securitycraft:door_indestructible_iron_item":2,"minecraft:stone_pickaxe":84,"minecraft:oak_planks":227,"alexscaves:cave_book":1,"minecraft:blast_furnace":2,"minecraft:dripstone_block":5,"securitycraft:keycard_lock":1,"minecraft:bread":41,"tombstone:grave_key":4,"supplementaries:flax_seeds":3,"minecraft:wooden_sword":31,"minecraft:coal_block":13,"minecraft:chain":1,"minecraft:bone_meal":25,"minecraft:oak_trapdoor":1,"quark:birch_chest":2,"born_in_chaos_v1:ethereal_spirit":12,"minecraft:armor_stand":4,"minecraft:stone_shovel":627,"born_in_chaos_v1:fried_maggot":2,"minecraft:stone_hoe":96,"minecraft:torch":255,"minecraft:dirt":326,"minecraft:granite":1,"securitycraft:keycard_reader":1,"minecraft:iron_axe":255,"luminousworld:auburn_door":1,"ecologics:walnut":4,"tombstone:gift":8,"minecraft:cooked_beef":6,"minecraft:cobbled_deepslate":4,"minecraft:wheat_seeds":76,"minecraft:water_bucket":33,"minecraft:birch_planks":2,"minecraft:baked_potato":28,"luminousworld:white_oak_plank":1,"ecologics:walnut_sapling":6,"luminousworld:ishstone":1,"minecraft:oak_slab":34,"minecraft:crafting_table":7,"tombstone:bag_of_seeds":2,"minecraft:cornflower":1,"minecraft:iron_pickaxe":775,"minecraft:stone_axe":162,"minecraft:cobblestone":906,"vanillaplustools:iron_hammer":242,"minecraft:bucket":36,"quark:oak_chest":23}},"DataVersion":3465}