{"stats":{"minecraft:killed_by":{"enemyexpansion:huntsman":1,"minecraft:skeleton":1,"born_in_chaos_v1:dread_hound":1},"minecraft:custom":{"minecraft:mob_kills":19,"minecraft:animals_bred":1,"minecraft:interact_with_crafting_table":20,"minecraft:open_barrel":2,"minecraft:eat_cake_slice":2,"minecraft:leave_game":1,"minecraft:time_since_death":49385,"minecraft:climb_one_cm":4544,"minecraft:sprint_one_cm":110273,"minecraft:walk_one_cm":395052,"minecraft:drop":13,"minecraft:talked_to_villager":3,"minecraft:play_time":109385,"minecraft:deaths":3,"minecraft:sneak_time":2809,"minecraft:walk_under_water_one_cm":509,"minecraft:jump":1170,"minecraft:walk_on_water_one_cm":743,"minecraft:total_world_time":109385,"minecraft:interact_with_furnace":27,"minecraft:interact_with_cartography_table":1,"minecraft:sleep_in_bed":3,"minecraft:time_since_rest":20196,"minecraft:damage_taken":2086,"minecraft:damage_dealt":3804,"minecraft:swim_one_cm":5896,"minecraft:fly_one_cm":227209,"minecraft:open_chest":96,"minecraft:crouch_one_cm":4477,"tombstone:undead_killed":10,"minecraft:fall_one_cm":29955,"minecraft:horse_one_cm":7907},"minecraft:dropped":{"minecraft:iron_sword":1,"luminousworld:sunset_petunias":1,"minecraft:cobblestone":1,"minecraft:item_frame":4,"minecraft:dirt":65,"undead_revamp2:huntereye":1,"born_in_chaos_v1:ethereal_spirit":1,"minecraft:oak_planks":1,"sophisticatedbackpacks:backpack":1,"minecraft:brown_carpet":1,"minecraft:wooden_pickaxe":1},"minecraft:crafted":{"minecraft:wooden_sword":1,"minecraft:oak_planks":180,"minecraft:coal":27,"minecraft:stone_shovel":2,"ecologics:walnut_planks":16,"minecraft:furnace":1,"vanillaplustools:iron_hammer":1,"minecraft:wheat":54,"luminousworld:autumnplank":28,"sophisticatedbackpacks:backpack":1,"minecraft:crafting_table":2,"luminousworld:auburn_door":3,"minecraft:stone_axe":1,"minecraft:air":0,"minecraft:bread":35,"minecraft:jungle_planks":4,"minecraft:stick":48,"quark:oak_chest":3,"minecraft:iron_ingot":20,"minecraft:iron_pickaxe":8,"minecraft:wooden_axe":1,"minecraft:acacia_planks":8,"minecraft:torch":112},"minecraft:mined":{"luminousworld:white_petunias":1,"luminousworld:autumnleaves":1,"iceandfire:copper_pile":2,"placeablesmod:cooked_beef_block":1,"luminousworld:blue_petunias":2,"minecraft:grass_block":175,"minecraft:yellow_carpet":1,"minecraft:redstone_wire":8,"luminousworld:grassvariant_2":9,"minecraft:coal_block":18,"minecraft:hay_block":23,"luminousworld:sunset_petunias":1,"minecraft:furnace":1,"minecraft:carrots":1,"minecraft:iron_ore":17,"minecraft:sticky_piston":1,"minecraft:acacia_wood":1,"minecraft:bookshelf":5,"minecraft:potatoes":4,"iceandfire:gold_pile":3,"minecraft:lantern":2,"ecologics:walnut_log":4,"minecraft:iron_block":2,"minecraft:stone":438,"iceandfire:podium_spruce":1,"iceandfire:pixie_jar_empty":1,"minecraft:piston_head":3,"minecraft:smithing_table":2,"minecraft:oak_slab":1,"minecraft:scaffolding":1,"minecraft:redstone_block":1,"minecraft:glass_pane":1,"minecraft:comparator":1,"minecraft:dandelion":2,"minecraft:crafting_table":1,"minecraft:cornflower":1,"minecraft:torch":3,"minecraft:blast_furnace":1,"minecraft:campfire":7,"luminousworld:auburnlog":7,"minecraft:cobblestone":7,"minecraft:oak_planks":11,"placeablesmod:bread_full_block":2,"minecraft:wall_torch":1,"minecraft:repeater":9,"minecraft:wheat":82,"minecraft:stone_brick_stairs":2,"minecraft:grass":24,"iceandfire:silver_pile":3,"minecraft:oak_log":45,"minecraft:coal_ore":70,"minecraft:dirt":35,"luminousworld:grassvariant_3":5,"minecraft:cobweb":62,"minecraft:stone_bricks":28,"minecraft:daylight_detector":4,"minecraft:oak_leaves":6},"minecraft:broken":{"minecraft:iron_pickaxe":2,"minecraft:stone_shovel":1},"minecraft:killed":{"born_in_chaos_v1:zombie_clown":1,"undead_revamp2:thehunter":1,"born_in_chaos_v1:restless_spirit":3,"born_in_chaos_v1:skeleton_demoman":1,"born_in_chaos_v1:siamese_skeletonsright":1,"minecraft:skeleton":1,"undead_revamp2:the_moonflower":1,"minecraft:creeper":1,"born_in_chaos_v1:decrepit_skeleton":1,"minecraft:zombie":1,"enemyexpansion:huntsman":1,"born_in_chaos_v1:siamese_skeletonsleft":1,"minecraft:cow":5},"minecraft:used":{"born_in_chaos_v1:ethereal_spirit":12,"minecraft:armor_stand":4,"minecraft:stone_shovel":211,"born_in_chaos_v1:intoxicating_decoction":1,"minecraft:iron_sword":174,"minecraft:iron_chestplate":1,"minecraft:torch":32,"minecraft:dirt":55,"minecraft:carrot":4,"minecraft:iron_helmet":1,"minecraft:stone_bricks":4,"minecraft:item_frame":1,"minecraft:bow":9,"minecraft:hay_block":1,"luminousworld:auburn_door":1,"minecraft:furnace":2,"ecologics:walnut":4,"tombstone:gift":6,"minecraft:cooked_beef":6,"minecraft:oak_planks":152,"ecologics:walnut_sapling":6,"minecraft:oak_slab":1,"minecraft:crafting_table":3,"minecraft:blast_furnace":1,"tombstone:bag_of_seeds":2,"minecraft:bread":14,"minecraft:iron_pickaxe":572,"tombstone:grave_key":4,"minecraft:stone_axe":69,"minecraft:coal_block":13,"minecraft:wooden_sword":31,"minecraft:cobblestone":89,"vanillaplustools:iron_hammer":38,"minecraft:chain":1,"quark:oak_chest":2},"minecraft:picked_up":{"luminousworld:groundpebbles_1":3,"minecraft:charcoal":14,"minecraft:iron_chestplate":7,"minecraft:crafting_table":1,"minecraft:wheat":81,"minecraft:redstone_block":1,"minecraft:chicken":2,"minecraft:smithing_table":2,"minecraft:wooden_pickaxe":1,"minecraft:stone_brick_stairs":2,"minecraft:chain":2,"minecraft:cornflower":1,"minecraft:string":62,"minecraft:sticky_piston":4,"minecraft:armor_stand":8,"minecraft:iron_leggings":9,"born_in_chaos_v1:intoxicating_decoction":2,"minecraft:item_frame":4,"ecologics:walnut_sapling":6,"iceandfire:bestiary":1,"minecraft:gold_nugget":18,"minecraft:comparator":1,"alexscaves:burrowing_arrow":1,"minecraft:beef":8,"minecraft:iron_pickaxe":1,"minecraft:coal_block":20,"minecraft:egg":1,"minecraft:iron_boots":9,"minecraft:furnace":1,"minecraft:stick":8,"minecraft:raw_iron":17,"luminousworld:auburnlog":7,"ecologics:walnut_log":4,"minecraft:torch":4,"minecraft:acacia_log":2,"sophisticatedbackpacks:backpack":1,"minecraft:white_dye":2,"tombstone:grave_dust":2,"minecraft:carrot":4,"minecraft:redstone":10,"minecraft:brown_carpet":1,"minecraft:arrow":1,"minecraft:rotten_flesh":15,"minecraft:hay_block":21,"minecraft:iron_block":2,"minecraft:gold_ingot":4,"supplementaries:ash":1,"minecraft:mutton":1,"minecraft:cobblestone":445,"minecraft:oxeye_daisy":1,"ecologics:walnut":4,"minecraft:cooked_beef":1,"minecraft:repeater":9,"minecraft:jungle_log":1,"minecraft:leather":5,"minecraft:potato":25,"minecraft:oak_log":45,"undead_revamp2:huntereye":1,"minecraft:gunpowder":2,"minecraft:lapis_lazuli":2,"minecraft:dirt":204,"minecraft:lantern":2,"minecraft:bone":5,"iceandfire:pixie_jar_empty":1,"minecraft:apple":1,"minecraft:stone_bricks":25,"minecraft:bow":5,"minecraft:wheat_seeds":211,"minecraft:iron_ingot":6,"tombstone:bag_of_seeds":1,"minecraft:oak_planks":10,"minecraft:iron_sword":4,"minecraft:book":17,"minecraft:scaffolding":1,"minecraft:oak_slab":1,"iceandfire:copper_nugget":14,"minecraft:daylight_detector":4,"iceandfire:podium_spruce":1,"born_in_chaos_v1:ethereal_spirit":2,"minecraft:dandelion":5,"luminousworld:sunset_petunias":3,"minecraft:blast_furnace":1,"minecraft:yellow_carpet":1,"minecraft:diamond":2,"minecraft:chainmail_leggings":1,"minecraft:iron_helmet":7,"luminousworld:auburn_sapling":1,"minecraft:emerald":1,"minecraft:bread":8,"minecraft:oak_sapling":3,"iceandfire:silver_nugget":10,"minecraft:coal":70}},"DataVersion":3465}