{"stats":{"minecraft:picked_up":{"luminousworld:groundpebbles_1":3,"minecraft:charcoal":4,"minecraft:crafting_table":1,"minecraft:iron_chestplate":3,"minecraft:wheat":81,"minecraft:redstone_block":1,"minecraft:chicken":2,"minecraft:wooden_pickaxe":1,"minecraft:stone_brick_stairs":2,"minecraft:chain":1,"minecraft:cornflower":1,"minecraft:string":11,"minecraft:item_frame":1,"minecraft:iron_leggings":5,"born_in_chaos_v1:intoxicating_decoction":2,"minecraft:armor_stand":4,"ecologics:walnut_sapling":6,"iceandfire:bestiary":1,"minecraft:comparator":1,"alexscaves:burrowing_arrow":1,"minecraft:beef":8,"minecraft:iron_pickaxe":1,"minecraft:coal_block":5,"minecraft:furnace":1,"minecraft:iron_boots":5,"minecraft:egg":1,"minecraft:stick":8,"minecraft:raw_iron":6,"luminousworld:auburnlog":7,"ecologics:walnut_log":4,"minecraft:torch":1,"minecraft:acacia_log":2,"sophisticatedbackpacks:backpack":1,"tombstone:grave_dust":1,"minecraft:carrot":4,"minecraft:redstone":4,"minecraft:arrow":1,"minecraft:rotten_flesh":12,"minecraft:hay_block":21,"supplementaries:ash":1,"minecraft:mutton":1,"minecraft:cobblestone":51,"minecraft:oxeye_daisy":1,"ecologics:walnut":4,"minecraft:cooked_beef":1,"minecraft:jungle_log":1,"minecraft:leather":5,"minecraft:potato":25,"minecraft:oak_log":45,"undead_revamp2:huntereye":1,"minecraft:dirt":204,"minecraft:bone":3,"minecraft:apple":1,"minecraft:stone_bricks":7,"minecraft:bow":5,"minecraft:wheat_seeds":211,"minecraft:oak_planks":7,"minecraft:iron_sword":2,"minecraft:oak_slab":1,"iceandfire:podium_spruce":1,"born_in_chaos_v1:ethereal_spirit":2,"minecraft:dandelion":5,"luminousworld:sunset_petunias":3,"minecraft:blast_furnace":1,"minecraft:yellow_carpet":1,"minecraft:chainmail_leggings":1,"minecraft:iron_helmet":3,"luminousworld:auburn_sapling":1,"minecraft:bread":8,"minecraft:oak_sapling":3,"minecraft:coal":19},"minecraft:dropped":{"minecraft:iron_sword":1,"luminousworld:sunset_petunias":1,"minecraft:cobblestone":1,"minecraft:item_frame":1,"minecraft:dirt":65,"undead_revamp2:huntereye":1,"born_in_chaos_v1:ethereal_spirit":1,"sophisticatedbackpacks:backpack":1,"minecraft:wooden_pickaxe":1},"minecraft:crafted":{"minecraft:wooden_sword":1,"minecraft:oak_planks":180,"minecraft:stone_shovel":2,"ecologics:walnut_planks":16,"minecraft:furnace":1,"minecraft:wheat":54,"luminousworld:autumnplank":28,"sophisticatedbackpacks:backpack":1,"minecraft:crafting_table":2,"luminousworld:auburn_door":3,"minecraft:stone_axe":1,"minecraft:bread":18,"minecraft:stick":20,"quark:oak_chest":3,"minecraft:wooden_axe":1,"minecraft:torch":32},"minecraft:custom":{"minecraft:mob_kills":15,"minecraft:animals_bred":1,"minecraft:interact_with_crafting_table":13,"minecraft:eat_cake_slice":2,"minecraft:leave_game":1,"minecraft:time_since_death":13694,"minecraft:climb_one_cm":597,"minecraft:sprint_one_cm":92091,"minecraft:walk_one_cm":264281,"minecraft:drop":10,"minecraft:talked_to_villager":3,"minecraft:play_time":73694,"minecraft:deaths":3,"minecraft:sneak_time":2420,"minecraft:walk_under_water_one_cm":509,"minecraft:jump":961,"minecraft:walk_on_water_one_cm":743,"minecraft:total_world_time":73694,"minecraft:interact_with_furnace":11,"minecraft:sleep_in_bed":2,"minecraft:time_since_rest":13407,"minecraft:damage_taken":1863,"minecraft:damage_dealt":3356,"minecraft:swim_one_cm":5896,"minecraft:fly_one_cm":204468,"minecraft:open_chest":55,"minecraft:crouch_one_cm":3844,"tombstone:undead_killed":8,"minecraft:fall_one_cm":23254,"minecraft:horse_one_cm":7907},"minecraft:mined":{"luminousworld:white_petunias":1,"luminousworld:autumnleaves":1,"placeablesmod:cooked_beef_block":1,"luminousworld:blue_petunias":2,"minecraft:grass_block":175,"minecraft:yellow_carpet":1,"minecraft:redstone_wire":4,"luminousworld:grassvariant_2":8,"minecraft:coal_block":3,"minecraft:hay_block":23,"luminousworld:sunset_petunias":1,"minecraft:furnace":1,"minecraft:carrots":1,"minecraft:iron_ore":6,"minecraft:acacia_wood":1,"minecraft:potatoes":4,"ecologics:walnut_log":4,"minecraft:stone":47,"iceandfire:podium_spruce":1,"minecraft:oak_slab":1,"minecraft:redstone_block":1,"minecraft:glass_pane":1,"minecraft:comparator":1,"minecraft:dandelion":2,"minecraft:crafting_table":1,"minecraft:cornflower":1,"minecraft:blast_furnace":1,"minecraft:campfire":2,"luminousworld:auburnlog":7,"minecraft:cobblestone":2,"minecraft:oak_planks":7,"placeablesmod:bread_full_block":2,"minecraft:wheat":82,"minecraft:stone_brick_stairs":2,"minecraft:grass":24,"minecraft:oak_log":45,"minecraft:coal_ore":19,"minecraft:dirt":35,"luminousworld:grassvariant_3":5,"minecraft:cobweb":11,"minecraft:stone_bricks":8,"minecraft:oak_leaves":6},"minecraft:broken":{"minecraft:stone_shovel":1},"minecraft:killed_by":{"enemyexpansion:huntsman":1,"minecraft:skeleton":1,"born_in_chaos_v1:dread_hound":1},"minecraft:killed":{"born_in_chaos_v1:zombie_clown":1,"undead_revamp2:thehunter":1,"born_in_chaos_v1:restless_spirit":2,"born_in_chaos_v1:siamese_skeletonsright":1,"minecraft:skeleton":1,"born_in_chaos_v1:decrepit_skeleton":1,"minecraft:zombie":1,"enemyexpansion:huntsman":1,"born_in_chaos_v1:siamese_skeletonsleft":1,"minecraft:cow":5},"minecraft:used":{"minecraft:armor_stand":4,"minecraft:stone_shovel":211,"born_in_chaos_v1:intoxicating_decoction":1,"minecraft:iron_sword":104,"minecraft:iron_chestplate":1,"minecraft:torch":15,"minecraft:dirt":55,"minecraft:carrot":4,"minecraft:iron_helmet":1,"minecraft:stone_bricks":4,"minecraft:hay_block":1,"luminousworld:auburn_door":1,"minecraft:furnace":2,"ecologics:walnut":4,"tombstone:gift":2,"minecraft:cooked_beef":6,"minecraft:oak_planks":152,"ecologics:walnut_sapling":6,"minecraft:crafting_table":3,"minecraft:oak_slab":1,"minecraft:bread":11,"minecraft:iron_pickaxe":102,"tombstone:grave_key":4,"minecraft:stone_axe":69,"minecraft:wooden_sword":31,"minecraft:cobblestone":19,"minecraft:chain":1,"quark:oak_chest":2}},"DataVersion":3465}