{"stats":{"minecraft:killed_by":{"undead_revamp2:sucker":1,"minecraft:player":2,"undead_revamp2:the_moonflower":1,"minecraft:creeper":1,"born_in_chaos_v1:corpse_fly":1,"born_in_chaos_v1:pumpkinhead":1,"minecraft:zombie":3,"born_in_chaos_v1:scarlet_persecutor":1,"enemyexpansion:invisicreeper":1},"minecraft:custom":{"minecraft:mob_kills":75,"minecraft:interact_with_crafting_table":18,"minecraft:open_barrel":3,"minecraft:damage_dealt_resisted":612,"minecraft:eat_cake_slice":2,"minecraft:leave_game":2,"minecraft:time_since_death":2000,"minecraft:climb_one_cm":5636,"minecraft:sprint_one_cm":340412,"minecraft:walk_one_cm":231605,"minecraft:damage_blocked_by_shield":720,"minecraft:drop":80,"minecraft:play_time":81466,"minecraft:deaths":13,"minecraft:sneak_time":10513,"minecraft:walk_under_water_one_cm":354,"minecraft:jump":2625,"minecraft:walk_on_water_one_cm":11107,"minecraft:total_world_time":81466,"minecraft:interact_with_furnace":12,"minecraft:interact_with_loom":1,"minecraft:sleep_in_bed":7,"minecraft:time_since_rest":1769,"minecraft:damage_taken":5889,"tombstone:sneak_grave":1,"minecraft:damage_dealt":16341,"minecraft:player_kills":1,"minecraft:fly_one_cm":912327,"minecraft:swim_one_cm":2479,"minecraft:open_chest":45,"minecraft:crouch_one_cm":43488,"tombstone:undead_killed":18,"minecraft:fall_one_cm":69935},"minecraft:crafted":{"minecraft:oak_planks":8,"ecologics:walnut_planks":24,"minecraft:furnace":1,"minecraft:bone_meal":21,"minecraft:cooked_mutton":2,"minecraft:iron_axe":1,"minecraft:stone_pickaxe":1,"minecraft:cooked_porkchop":1,"minecraft:crafting_table":2,"minecraft:wooden_pickaxe":1,"minecraft:pumpkin_seeds":24,"minecraft:stone_axe":1,"minecraft:bread":22,"minecraft:air":0,"minecraft:shield":2,"minecraft:stick":36,"minecraft:iron_ingot":12,"minecraft:iron_pickaxe":1,"minecraft:wooden_axe":1,"minecraft:stone_sword":1,"minecraft:acacia_planks":8},"minecraft:dropped":{"minecraft:iron_ingot":8,"iceandfire:raw_silver":1,"minecraft:wheat_seeds":68,"luminousworld:ishstone":2,"minecraft:dripstone_block":3,"minecraft:iron_helmet":2,"minecraft:cobblestone":45,"minecraft:granite":4,"born_in_chaos_v1:pieceofdarkmetal":3,"born_in_chaos_v1:pileof_dark_metal":1,"minecraft:dirt":1,"born_in_chaos_v1:pumpkin_staff":1,"minecraft:diorite":1,"minecraft:wooden_axe":1,"born_in_chaos_v1:fused_bone":2,"tombstone:grave_dust":3,"minecraft:iron_leggings":1,"minecraft:string":9,"minecraft:music_disc_cat":1,"minecraft:dandelion":1,"minecraft:bone":11,"tombstone:lollipop":1,"undead_revamp2:huntereye":1,"minecraft:iron_nugget":2,"minecraft:cobbled_deepslate":4,"alexsmobs:animal_dictionary":1,"minecraft:stone_sword":1,"minecraft:wheat":2,"born_in_chaos_v1:ethereal_spirit":1,"tombstone:gift":6,"minecraft:rotten_flesh":13,"minecraft:iron_boots":1,"minecraft:azure_bluet":1,"supplementaries:flax_seeds":2,"supplementaries:ash":9,"luminousworld:grassflowers":6,"minecraft:gunpowder":4,"minecraft:iron_chestplate":2,"luminousworld:groundpebbles_1":3,"iceandfire:silver_ingot":1,"born_in_chaos_v1:corpse_maggot":14,"minecraft:chainmail_boots":1,"minecraft:golden_leggings":1,"tombstone:essence_of_undeath":3,"quark:smithing_template_rune":1,"minecraft:arrow":2,"minecraft:stone_pickaxe":1,"minecraft:wooden_pickaxe":1},"minecraft:mined":{"minecraft:attached_pumpkin_stem":1,"minecraft:diamond_ore":4,"iceandfire:silver_ore":1,"placeablesmod:raw_porkchop_block":1,"minecraft:carved_pumpkin":1,"born_in_chaos_v1:infected_diamond_ore":3,"placeablesmod:bread_slice_block":1,"minecraft:granite":3,"minecraft:grass_block":17,"luminousworld:grassvariant_2":9,"luminousworld:groundpebbles_3":6,"minecraft:spawner":1,"luminousworld:sunset_petunias":1,"minecraft:oak_trapdoor":1,"minecraft:furnace":1,"minecraft:iron_ore":10,"minecraft:fire":38,"placeablesmod:water_bucket_block":1,"minecraft:pumpkin":6,"minecraft:azure_bluet":2,"ecologics:walnut_log":4,"minecraft:stone":21,"minecraft:dandelion":1,"minecraft:crafting_table":4,"ecologics:walnut_leaves":1,"luminousworld:grassflowers":3,"minecraft:tall_grass":14,"minecraft:cobblestone":151,"minecraft:sugar_cane":8,"minecraft:sculk":6,"placeablesmod:bread_full_block":3,"minecraft:wall_torch":1,"supplementaries:urn":9,"minecraft:red_wall_banner":1,"minecraft:grass":53,"minecraft:coal_ore":22,"minecraft:dirt":6,"luminousworld:grassvariant_3":20,"minecraft:cobweb":1,"minecraft:gold_ore":5,"minecraft:deepslate":1},"minecraft:broken":{"minecraft:stone_axe":1},"minecraft:killed":{"born_in_chaos_v1:mr_pumpkin":1,"born_in_chaos_v1:restless_spirit":1,"born_in_chaos_v1:zombie_lumberjack":1,"born_in_chaos_v1:sir_the_headless":1,"minecraft:spider":3,"enemyexpansion:direwolf":2,"born_in_chaos_v1:zombie_bruiser":2,"born_in_chaos_v1:scarlet_persecutor":1,"born_in_chaos_v1:pumpkinhead":1,"minecraft:skeleton":2,"undead_revamp2:sucker":2,"artifacts:mimic":1,"born_in_chaos_v1:fallen_chaos_knight":1,"born_in_chaos_v1:felsteed":1,"minecraft:pig":2,"born_in_chaos_v1:diamond_termite":2,"undead_revamp2:the_moonflower":2,"enemyexpansion:sprinter":1,"minecraft:creeper":1,"born_in_chaos_v1:decrepit_skeleton":2,"minecraft:sheep":1,"undead_revamp2:thesomnolence":5,"minecraft:zombie":3,"born_in_chaos_v1:corpse_fly":18,"enemyexpansion:botfly":1,"born_in_chaos_v1:siamese_skeletonsleft":1,"enemyexpansion:slugger":1},"minecraft:used":{"minecraft:oak_trapdoor":1,"minecraft:stone_sword":57,"minecraft:shield":16,"minecraft:iron_sword":62,"minecraft:rotten_flesh":19,"minecraft:torch":5,"minecraft:dirt":15,"born_in_chaos_v1:soul_cutlass":227,"minecraft:iron_hoe":134,"born_in_chaos_v1:corpse_maggot":4,"minecraft:wooden_axe":9,"minecraft:lava_bucket":1,"minecraft:iron_axe":4,"born_in_chaos_v1:fel_lamp":4,"minecraft:furnace":1,"tombstone:gift":2,"minecraft:wheat_seeds":3,"minecraft:cooked_mutton":2,"minecraft:water_bucket":17,"minecraft:stone_pickaxe":11,"minecraft:baked_potato":5,"minecraft:wooden_pickaxe":51,"minecraft:cherry_planks":4,"minecraft:crafting_table":6,"minecraft:pumpkin_seeds":19,"minecraft:bread":30,"minecraft:iron_pickaxe":174,"tombstone:grave_key":7,"minecraft:stone_axe":79,"minecraft:cobblestone":80,"minecraft:porkchop":2,"minecraft:cooked_porkchop":3,"minecraft:bucket":19,"minecraft:bone_meal":21},"minecraft:picked_up":{"luminousworld:groundpebbles_1":9,"born_in_chaos_v1:diamond_termite_shard":2,"minecraft:crafting_table":4,"minecraft:iron_chestplate":3,"minecraft:wheat":38,"minecraft:azure_bluet":1,"minecraft:chainmail_boots":1,"minecraft:string":3,"minecraft:oak_trapdoor":1,"minecraft:iron_leggings":2,"minecraft:cobbled_deepslate":5,"minecraft:iron_nugget":20,"minecraft:sugar_cane":18,"minecraft:iron_boots":2,"minecraft:furnace":1,"minecraft:raw_iron":10,"ecologics:walnut_log":6,"minecraft:torch":18,"minecraft:acacia_log":2,"born_in_chaos_v1:pileof_dark_metal":1,"minecraft:porkchop":6,"tombstone:grave_dust":3,"minecraft:diorite":1,"born_in_chaos_v1:pieceofdarkmetal":3,"tombstone:lollipop":1,"luminousworld:grassflowers":6,"minecraft:arrow":5,"minecraft:rotten_flesh":28,"minecraft:carved_pumpkin":1,"tombstone:essence_of_undeath":4,"supplementaries:ash":10,"minecraft:mutton":2,"minecraft:white_wool":1,"minecraft:cobblestone":183,"born_in_chaos_v1:fused_bone":2,"born_in_chaos_v1:corpse_maggot":18,"minecraft:cherry_planks":4,"born_in_chaos_v1:pumpkin_staff":2,"minecraft:water_bucket":1,"luminousworld:ishstone":2,"minecraft:golden_leggings":1,"minecraft:oak_log":2,"supplementaries:flax_seeds":2,"undead_revamp2:huntereye":1,"minecraft:gunpowder":2,"minecraft:dirt":22,"tombstone:gift":4,"minecraft:bone":9,"born_in_chaos_v1:soul_cutlass":1,"minecraft:wheat_seeds":70,"minecraft:raw_gold":11,"minecraft:iron_ingot":2,"born_in_chaos_v1:fel_lamp":1,"minecraft:iron_sword":2,"minecraft:pumpkin":6,"born_in_chaos_v1:ethereal_spirit":2,"minecraft:dripstone_block":3,"minecraft:red_banner":1,"minecraft:grass_block":5,"alexsmobs:animal_dictionary":1,"minecraft:iron_hoe":1,"minecraft:diamond":4,"minecraft:iron_helmet":2,"minecraft:granite":4,"minecraft:bread":9,"minecraft:emerald":7,"minecraft:baked_potato":5,"tombstone:magic_scroll":1,"minecraft:coal":49,"iceandfire:raw_silver":1}},"DataVersion":3465}